status	scanner	rule	file	baseline_line	reviewed_line	exact_scope	component	build_constraint	existing_justification	assumptions	classification	evidence_or_test	ci_execution	owner	expiry	review_date	missing_evidence_and_disposition
retained	gosec + golangci/gosec	G101	admin_settings_upstream_test.go	92	92	TestAdminSettings_UpstreamRoundTrip	root go.mod	default constraints	// #nosec G101 -- test fixture	Fixture confined to tests; real credentials/URLs must not enter shipped paths.	under investigation	TestAdminSettings_UpstreamRoundTrip	Fast PR Gate root race + golangci; QA root race on main/dispatch	@KidCarmi (default CODEOWNER; no per-site assignee)	none recorded	2026-11-03 (audit follow-up, not exception extension)	Fixture confinement not individually reverified; standalone gosec excludes tests, golangci may include them.
retained	gosec + golangci/gosec	G101	admin_settings_upstream_test.go	221	221	TestAdminSettings_LegacyMigrationSealsUserinfo	root go.mod	default constraints	// #nosec G101 -- test fixture	Fixture confined to tests; real credentials/URLs must not enter shipped paths.	under investigation	TestAdminSettings_LegacyMigrationSealsUserinfo	Fast PR Gate root race + golangci; QA root race on main/dispatch	@KidCarmi (default CODEOWNER; no per-site assignee)	none recorded	2026-11-03 (audit follow-up, not exception extension)	Fixture confinement not individually reverified; standalone gosec excludes tests, golangci may include them.
retained	golangci/gosec only	G101	admin_settings_upstream_test.go	277	277	TestAdminSettings_LegacyMigrationParseFailureIsDegradedNotDestructive	root go.mod	default constraints	//nolint:gosec // G101: fixture credential in a test URL, not a secret	Fixture confined to tests; real credentials/URLs must not enter shipped paths.	under investigation	TestAdminSettings_LegacyMigrationParseFailureIsDegradedNotDestructive	Fast PR Gate root race + golangci; QA root race on main/dispatch	@KidCarmi (default CODEOWNER; no per-site assignee)	none recorded	2026-11-03 (audit follow-up, not exception extension)	Fixture confinement not individually reverified; standalone gosec excludes tests, golangci may include them.
retained	golangci/gosec only	G101	admin_settings_upstream_test.go	290	290	TestAdminSettings_LegacyMigrationParseFailureIsDegradedNotDestructive	root go.mod	default constraints	//nolint:gosec // G101: fixture credential in a test URL, not a secret	Fixture confined to tests; real credentials/URLs must not enter shipped paths.	under investigation	TestAdminSettings_LegacyMigrationParseFailureIsDegradedNotDestructive	Fast PR Gate root race + golangci; QA root race on main/dispatch	@KidCarmi (default CODEOWNER; no per-site assignee)	none recorded	2026-11-03 (audit follow-up, not exception extension)	Fixture confinement not individually reverified; standalone gosec excludes tests, golangci may include them.
retained	gosec + golangci/gosec	G402	admin_ui_listener_chaos_test.go	310	310	TestChaos57_CertificateRotationSelfHeals	root go.mod	default constraints	// #nosec G402 -- test probe against a self-signed pair	Fixture confined to tests; real credentials/URLs must not enter shipped paths.	under investigation	TestChaos57_CertificateRotationSelfHeals	Fast PR Gate root race + golangci; QA root race on main/dispatch	@KidCarmi (default CODEOWNER; no per-site assignee)	none recorded	2026-11-03 (audit follow-up, not exception extension)	Fixture confinement not individually reverified; standalone gosec excludes tests, golangci may include them.
retained	gosec + golangci/gosec	G204	admission_contract_test.go	110	110	TestAdmissionMigration_CoverageRejectsOmittedEngine	root go.mod	default constraints	// #nosec G204 -- fixed repository script, test-owned profile in a temporary module.	Fixture confined to tests; real credentials/URLs must not enter shipped paths.	under investigation	TestAdmissionMigration_CoverageRejectsOmittedEngine	Fast PR Gate root race + golangci; QA root race on main/dispatch	@KidCarmi (default CODEOWNER; no per-site assignee)	none recorded	2026-11-03 (audit follow-up, not exception extension)	Fixture confinement not individually reverified; standalone gosec excludes tests, golangci may include them.
retained	gosec + golangci/gosec	G101	alert_webhook_signing_test.go	27	27	seedRestoredWebhookStore	root go.mod	default constraints	// #nosec G101 -- test fixture: a literal stand-in for an operator-entered HMAC secret, written to a t.TempDir() store	Fixture confined to tests; real credentials/URLs must not enter shipped paths.	under investigation	test helper (callers not individually mapped)	Fast PR Gate root race + golangci; QA root race on main/dispatch	@KidCarmi (default CODEOWNER; no per-site assignee)	none recorded	2026-11-03 (audit follow-up, not exception extension)	Fixture confinement not individually reverified; standalone gosec excludes tests, golangci may include them.
retained	gosec + golangci/gosec	G304	alert_webhook_signing_test.go	35	35	seedRestoredWebhookStore	root go.mod	default constraints	// #nosec G304 -- test-controlled temp path	Fixture confined to tests; real credentials/URLs must not enter shipped paths.	under investigation	test helper (callers not individually mapped)	Fast PR Gate root race + golangci; QA root race on main/dispatch	@KidCarmi (default CODEOWNER; no per-site assignee)	none recorded	2026-11-03 (audit follow-up, not exception extension)	Fixture confinement not individually reverified; standalone gosec excludes tests, golangci may include them.
retained	gosec + golangci/gosec	G402	auth_ldap.go	25	25	ldapTLSConfig	root go.mod	default constraints	// #nosec G402 -- skipVerify is an explicit admin opt-in for self-signed LDAP certs	See verbatim annotation; path ownership, reachable inputs and supported configuration require verification.	under investigation	annotation only; no protection verified per-site in this audit	Fast PR Gate root race + golangci; QA root race on main/dispatch	@KidCarmi (default CODEOWNER; no per-site assignee)	none recorded	2026-11-03 (audit follow-up, not exception extension)	Retain pending boundary/control review; reason is not proof. Run unfiltered advisory and triage per site.
retained	gosec + golangci/gosec	G402	auth_oidc.go	201	200	NewOIDCAuth	root go.mod	default constraints	// #nosec G402 -- InsecureSkipVerify is config-guarded by cfg.TLSSkipVerify	See verbatim annotation; path ownership, reachable inputs and supported configuration require verification.	under investigation	annotation only; no protection verified per-site in this audit	Fast PR Gate root race + golangci; QA root race on main/dispatch	@KidCarmi (default CODEOWNER; no per-site assignee)	none recorded	2026-11-03 (audit follow-up, not exception extension)	Retain pending boundary/control review; reason is not proof. Run unfiltered advisory and triage per site.
added	gosec + golangci/gosec	G704	auth_oidc.go		313	introspect	root go.mod	default constraints	// #nosec G704 -- newOIDCTransport guards the resolved destination on every dial; TestOIDCTransport_SSRFBoundary. TLS skip/HTTP residual: RISK-009.	Guard sees destination IP, direct egress, redirects rechecked; HTTP/TLS opt-out residual.	protected by a control	TestOIDCTransport_SSRFBoundary; RISK-002/RISK-009	Fast PR Gate root race + golangci; QA root race on main/dispatch	@KidCarmi (default CODEOWNER; no per-site assignee)	none recorded	2026-11-03 (audit follow-up, not exception extension)	Retire global G704; retain scoped ignore. Constructor wiring reviewed; factory behavioral check, not universal network proof.
added	gosec + golangci/gosec	G704	auth_oidc.go		327	introspect	root go.mod	default constraints	// #nosec G704 -- same guarded transport, including redirects; TestOIDCTransport_SSRFBoundary (RISK-002).	Guard sees destination IP, direct egress, redirects rechecked; HTTP/TLS opt-out residual.	protected by a control	TestOIDCTransport_SSRFBoundary; RISK-002/RISK-009	Fast PR Gate root race + golangci; QA root race on main/dispatch	@KidCarmi (default CODEOWNER; no per-site assignee)	none recorded	2026-11-03 (audit follow-up, not exception extension)	Retire global G704; retain scoped ignore. Constructor wiring reviewed; factory behavioral check, not universal network proof.
added	gosec + golangci/gosec	G704	auth_oidc_flow.go		392	refresh	root go.mod	default constraints	// #nosec G704 -- discovery-supplied endpoint; newOIDCTransport guards every resolved dial; TestOIDCTransport_SSRFBoundary (RISK-002).	Guard sees destination IP, direct egress, redirects rechecked; HTTP/TLS opt-out residual.	protected by a control	TestOIDCTransport_SSRFBoundary; RISK-002/RISK-009	Fast PR Gate root race + golangci; QA root race on main/dispatch	@KidCarmi (default CODEOWNER; no per-site assignee)	none recorded	2026-11-03 (audit follow-up, not exception extension)	Retire global G704; retain scoped ignore. Constructor wiring reviewed; factory behavioral check, not universal network proof.
added	gosec + golangci/gosec	G704	auth_oidc_flow.go		396	refresh	root go.mod	default constraints	// #nosec G704 -- guarded transport shared with OIDC flow, including redirects; TestOIDCTransport_SSRFBoundary (RISK-002).	Guard sees destination IP, direct egress, redirects rechecked; HTTP/TLS opt-out residual.	protected by a control	TestOIDCTransport_SSRFBoundary; RISK-002/RISK-009	Fast PR Gate root race + golangci; QA root race on main/dispatch	@KidCarmi (default CODEOWNER; no per-site assignee)	none recorded	2026-11-03 (audit follow-up, not exception extension)	Retire global G704; retain scoped ignore. Constructor wiring reviewed; factory behavioral check, not universal network proof.
retained	gosec + golangci/gosec	G402	auth_oidc_flow.go	579	578	NewOIDCFlowProvider	root go.mod	default constraints	// #nosec G402 -- InsecureSkipVerify is an explicit admin opt-in via cfg.TLSSkipVerify (warned above)	See verbatim annotation; path ownership, reachable inputs and supported configuration require verification.	under investigation	annotation only; no protection verified per-site in this audit	Fast PR Gate root race + golangci; QA root race on main/dispatch	@KidCarmi (default CODEOWNER; no per-site assignee)	none recorded	2026-11-03 (audit follow-up, not exception extension)	Retain pending boundary/control review; reason is not proof. Run unfiltered advisory and triage per site.
added	gosec + golangci/gosec	G704	auth_oidc_flow.go		963	introspect	root go.mod	default constraints	// #nosec G704 -- newOIDCTransport guards the resolved destination on every dial; TestOIDCTransport_SSRFBoundary. TLS skip/HTTP residual: RISK-009.	Guard sees destination IP, direct egress, redirects rechecked; HTTP/TLS opt-out residual.	protected by a control	TestOIDCTransport_SSRFBoundary; RISK-002/RISK-009	Fast PR Gate root race + golangci; QA root race on main/dispatch	@KidCarmi (default CODEOWNER; no per-site assignee)	none recorded	2026-11-03 (audit follow-up, not exception extension)	Retire global G704; retain scoped ignore. Constructor wiring reviewed; factory behavioral check, not universal network proof.
added	gosec + golangci/gosec	G704	auth_oidc_flow.go		972	introspect	root go.mod	default constraints	// #nosec G704 -- same guarded transport, including redirects; TestOIDCTransport_SSRFBoundary (RISK-002).	Guard sees destination IP, direct egress, redirects rechecked; HTTP/TLS opt-out residual.	protected by a control	TestOIDCTransport_SSRFBoundary; RISK-002/RISK-009	Fast PR Gate root race + golangci; QA root race on main/dispatch	@KidCarmi (default CODEOWNER; no per-site assignee)	none recorded	2026-11-03 (audit follow-up, not exception extension)	Retire global G704; retain scoped ignore. Constructor wiring reviewed; factory behavioral check, not universal network proof.
retained	gosec + golangci/gosec	G107	auth_saml_simplesamlphp_integration_test.go	99	99	fetchSimpleSAMLphpLoginPage	root go.mod	default constraints	// #nosec G107 -- integration test intentionally follows the IdP login URL from trusted CI fixture metadata.	Fixture confined to tests; real credentials/URLs must not enter shipped paths.	under investigation	test helper (callers not individually mapped)	Fast PR Gate root race + golangci; QA root race on main/dispatch	@KidCarmi (default CODEOWNER; no per-site assignee)	none recorded	2026-11-03 (audit follow-up, not exception extension)	Fixture confinement not individually reverified; standalone gosec excludes tests, golangci may include them.
retained	gosec + golangci/gosec	G107	auth_saml_simplesamlphp_integration_test.go	172	172	simpleSAMLphpCredentialRequest	root go.mod	default constraints	// #nosec G107 -- integration test intentionally posts to the trusted CI fixture IdP form action.	Fixture confined to tests; real credentials/URLs must not enter shipped paths.	under investigation	test helper (callers not individually mapped)	Fast PR Gate root race + golangci; QA root race on main/dispatch	@KidCarmi (default CODEOWNER; no per-site assignee)	none recorded	2026-11-03 (audit follow-up, not exception extension)	Fixture confinement not individually reverified; standalone gosec excludes tests, golangci may include them.
retained	gosec + golangci/gosec	G101	auth_startup_test.go	178	178	TestLoadAuth_YAMLBlockScalarUsernameStillLogsIn	root go.mod	default constraints	// #nosec G101 -- synthetic test fixture; never leaves this test	Fixture confined to tests; real credentials/URLs must not enter shipped paths.	under investigation	TestLoadAuth_YAMLBlockScalarUsernameStillLogsIn	Fast PR Gate root race + golangci; QA root race on main/dispatch	@KidCarmi (default CODEOWNER; no per-site assignee)	none recorded	2026-11-03 (audit follow-up, not exception extension)	Fixture confinement not individually reverified; standalone gosec excludes tests, golangci may include them.
retained	gosec + golangci/gosec	G101	auth_startup_test.go	286	286	TestLoadAuth_SetsLocalBcrypt	root go.mod	default constraints	// #nosec G101 -- synthetic test fixture; never leaves this test	Fixture confined to tests; real credentials/URLs must not enter shipped paths.	under investigation	TestLoadAuth_SetsLocalBcrypt	Fast PR Gate root race + golangci; QA root race on main/dispatch	@KidCarmi (default CODEOWNER; no per-site assignee)	none recorded	2026-11-03 (audit follow-up, not exception extension)	Fixture confinement not individually reverified; standalone gosec excludes tests, golangci may include them.
retained	gosec + golangci/gosec	G505	auth_totp_preservation_test.go	7	7	file/declaration (inspect attached AST node)	root go.mod	default constraints	// #nosec G505 -- RFC 6238 TOTP mandates HMAC-SHA1	Fixture confined to tests; real credentials/URLs must not enter shipped paths.	under investigation	test helper (callers not individually mapped)	Fast PR Gate root race + golangci; QA root race on main/dispatch	@KidCarmi (default CODEOWNER; no per-site assignee)	none recorded	2026-11-03 (audit follow-up, not exception extension)	Fixture confinement not individually reverified; standalone gosec excludes tests, golangci may include them.
retained	gosec + golangci/gosec	G115	auth_totp_preservation_test.go	924	924	testTOTPCode	root go.mod	default constraints	// #nosec G115 -- fixed positive test time steps	Fixture confined to tests; real credentials/URLs must not enter shipped paths.	under investigation	test helper (callers not individually mapped)	Fast PR Gate root race + golangci; QA root race on main/dispatch	@KidCarmi (default CODEOWNER; no per-site assignee)	none recorded	2026-11-03 (audit follow-up, not exception extension)	Fixture confinement not individually reverified; standalone gosec excludes tests, golangci may include them.
retained	gosec + golangci/gosec	G401,G505	auth_totp_preservation_test.go	925	925	testTOTPCode	root go.mod	default constraints	// #nosec G401 G505 -- RFC 6238 mandates HMAC-SHA1	Fixture confined to tests; real credentials/URLs must not enter shipped paths.	under investigation	test helper (callers not individually mapped)	Fast PR Gate root race + golangci; QA root race on main/dispatch	@KidCarmi (default CODEOWNER; no per-site assignee)	none recorded	2026-11-03 (audit follow-up, not exception extension)	Fixture confinement not individually reverified; standalone gosec excludes tests, golangci may include them.
retained	gosec + golangci/gosec	G101	authpolicy.go	331	331	file/declaration (inspect attached AST node)	root go.mod	default constraints	"// #nosec G101 -- environment-variable name (matches ""PASS"" substring), not a credential"	See verbatim annotation; path ownership, reachable inputs and supported configuration require verification.	under investigation	annotation only; no protection verified per-site in this audit	Fast PR Gate root race + golangci; QA root race on main/dispatch	@KidCarmi (default CODEOWNER; no per-site assignee)	none recorded	2026-11-03 (audit follow-up, not exception extension)	Retain pending boundary/control review; reason is not proof. Run unfiltered advisory and triage per site.
retained	gosec + golangci/gosec	G101	authpolicy.go	417	417	file/declaration (inspect attached AST node)	root go.mod	default constraints	"// #nosec G101 -- enum value (name contains ""Cred""); not a credential"	See verbatim annotation; path ownership, reachable inputs and supported configuration require verification.	under investigation	annotation only; no protection verified per-site in this audit	Fast PR Gate root race + golangci; QA root race on main/dispatch	@KidCarmi (default CODEOWNER; no per-site assignee)	none recorded	2026-11-03 (audit follow-up, not exception extension)	Retain pending boundary/control review; reason is not proof. Run unfiltered advisory and triage per site.
retained	gosec + golangci/gosec	G101	authpolicy_slice1_test.go	22	22	TestAuthOutcome_FrozenValues	root go.mod	default constraints	// #nosec G101 -- enum value, not a credential	Fixture confined to tests; real credentials/URLs must not enter shipped paths.	under investigation	TestAuthOutcome_FrozenValues	Fast PR Gate root race + golangci; QA root race on main/dispatch	@KidCarmi (default CODEOWNER; no per-site assignee)	none recorded	2026-11-03 (audit follow-up, not exception extension)	Fixture confinement not individually reverified; standalone gosec excludes tests, golangci may include them.
retained	gosec + golangci/gosec	G124	authz_matrix_e2e_test.go	174	174	TestAuthzMatrix_SessionCookie	root go.mod	default constraints	// #nosec G124 -- request-side session-cookie fixture sent TO the proxy; Secure/HttpOnly/SameSite are response attributes, irrelevant here	Fixture confined to tests; real credentials/URLs must not enter shipped paths.	under investigation	TestAuthzMatrix_SessionCookie	Fast PR Gate root race + golangci; QA root race on main/dispatch	@KidCarmi (default CODEOWNER; no per-site assignee)	none recorded	2026-11-03 (audit follow-up, not exception extension)	Fixture confinement not individually reverified; standalone gosec excludes tests, golangci may include them.
retained	gosec + golangci/gosec	G402	autoexclude_canary_test.go	119	119	TestClassifierCanary_RealHandshakes	root go.mod	default constraints	// #nosec G402 -- test deliberately pins TLS 1.2 to observe the client-side	Fixture confined to tests; real credentials/URLs must not enter shipped paths.	under investigation	TestClassifierCanary_RealHandshakes	Fast PR Gate root race + golangci; QA root race on main/dispatch	@KidCarmi (default CODEOWNER; no per-site assignee)	none recorded	2026-11-03 (audit follow-up, not exception extension)	Fixture confinement not individually reverified; standalone gosec excludes tests, golangci may include them.
retained	gosec + golangci/gosec	G115	autoexclude_qualification_test.go	222	222	TestResourceBounded_UnderAdversarialLoad	root go.mod	default constraints	// #nosec G115 -- heap delta is single-digit MB, no overflow	Fixture confined to tests; real credentials/URLs must not enter shipped paths.	under investigation	TestResourceBounded_UnderAdversarialLoad	Fast PR Gate root race + golangci; QA root race on main/dispatch	@KidCarmi (default CODEOWNER; no per-site assignee)	none recorded	2026-11-03 (audit follow-up, not exception extension)	Fixture confinement not individually reverified; standalone gosec excludes tests, golangci may include them.
retained	golangci/gosec only	G402	autoexclude_rescue_e2e_test.go	70	70	runClientCertRescueE2E	root go.mod	default constraints	//nolint:gosec // G402: version pinned to exercise the cell	Fixture confined to tests; real credentials/URLs must not enter shipped paths.	under investigation	test helper (callers not individually mapped)	Fast PR Gate root race + golangci; QA root race on main/dispatch	@KidCarmi (default CODEOWNER; no per-site assignee)	none recorded	2026-11-03 (audit follow-up, not exception extension)	Fixture confinement not individually reverified; standalone gosec excludes tests, golangci may include them.
retained	golangci/gosec only	G402	autoexclude_rescue_e2e_test.go	192	192	TestMITM_OptionalClientCertOrigin_StaysInspected	root go.mod	default constraints	//nolint:gosec // G402: pin TLS 1.3 — the version the review flagged	Fixture confined to tests; real credentials/URLs must not enter shipped paths.	under investigation	TestMITM_OptionalClientCertOrigin_StaysInspected	Fast PR Gate root race + golangci; QA root race on main/dispatch	@KidCarmi (default CODEOWNER; no per-site assignee)	none recorded	2026-11-03 (audit follow-up, not exception extension)	Fixture confinement not individually reverified; standalone gosec excludes tests, golangci may include them.
retained	gosec + golangci/gosec	G402	autoexclude_rescue_test.go	48	48	probeClientCertDetection	root go.mod	default constraints	// #nosec G402 -- test origin pins the version to probe both legs	Fixture confined to tests; real credentials/URLs must not enter shipped paths.	under investigation	test helper (callers not individually mapped)	Fast PR Gate root race + golangci; QA root race on main/dispatch	@KidCarmi (default CODEOWNER; no per-site assignee)	none recorded	2026-11-03 (audit follow-up, not exception extension)	Fixture confinement not individually reverified; standalone gosec excludes tests, golangci may include them.
retained	gosec + golangci/gosec	G304	backup.go	377	377	packOne	root go.mod	default constraints	// #nosec G304 -- operator-controlled path; symlinks rejected above	See verbatim annotation; path ownership, reachable inputs and supported configuration require verification.	under investigation	annotation only; no protection verified per-site in this audit	Fast PR Gate root race + golangci; QA root race on main/dispatch	@KidCarmi (default CODEOWNER; no per-site assignee)	none recorded	2026-11-03 (audit follow-up, not exception extension)	Retain pending boundary/control review; reason is not proof. Run unfiltered advisory and triage per site.
retained	gosec + golangci/gosec	G304	backup.go	425	425	writeBackupTarball	root go.mod	default constraints	// #nosec G304 -- operator-controlled path	See verbatim annotation; path ownership, reachable inputs and supported configuration require verification.	under investigation	annotation only; no protection verified per-site in this audit	Fast PR Gate root race + golangci; QA root race on main/dispatch	@KidCarmi (default CODEOWNER; no per-site assignee)	none recorded	2026-11-03 (audit follow-up, not exception extension)	Retain pending boundary/control review; reason is not proof. Run unfiltered advisory and triage per site.
retained	gosec + golangci/gosec	G304,G703	backup_encrypt_test.go	74	74	TestBackupEncrypt_BlobIsEncrypted	root go.mod	default constraints	// #nosec G304 G703 -- test temp path under t.TempDir()	Fixture confined to tests; real credentials/URLs must not enter shipped paths.	under investigation	TestBackupEncrypt_BlobIsEncrypted	Fast PR Gate root race + golangci; QA root race on main/dispatch	@KidCarmi (default CODEOWNER; no per-site assignee)	none recorded	2026-11-03 (audit follow-up, not exception extension)	Fixture confinement not individually reverified; standalone gosec excludes tests, golangci may include them.
retained	gosec + golangci/gosec	G304,G703	backup_encrypt_test.go	141	141	TestBackupEncrypt_TamperedCiphertext	root go.mod	default constraints	// #nosec G304 G703 -- test temp path under t.TempDir()	Fixture confined to tests; real credentials/URLs must not enter shipped paths.	under investigation	TestBackupEncrypt_TamperedCiphertext	Fast PR Gate root race + golangci; QA root race on main/dispatch	@KidCarmi (default CODEOWNER; no per-site assignee)	none recorded	2026-11-03 (audit follow-up, not exception extension)	Fixture confinement not individually reverified; standalone gosec excludes tests, golangci may include them.
retained	gosec + golangci/gosec	G304,G703	backup_encrypt_test.go	151	151	TestBackupEncrypt_TamperedCiphertext	root go.mod	default constraints	// #nosec G304 G703 -- test temp path under t.TempDir()	Fixture confined to tests; real credentials/URLs must not enter shipped paths.	under investigation	TestBackupEncrypt_TamperedCiphertext	Fast PR Gate root race + golangci; QA root race on main/dispatch	@KidCarmi (default CODEOWNER; no per-site assignee)	none recorded	2026-11-03 (audit follow-up, not exception extension)	Fixture confinement not individually reverified; standalone gosec excludes tests, golangci may include them.
retained	gosec + golangci/gosec	G304,G703	backup_encrypt_test.go	172	172	TestBackupEncrypt_TruncatedCiphertext	root go.mod	default constraints	// #nosec G304 G703 -- test temp path under t.TempDir()	Fixture confined to tests; real credentials/URLs must not enter shipped paths.	under investigation	TestBackupEncrypt_TruncatedCiphertext	Fast PR Gate root race + golangci; QA root race on main/dispatch	@KidCarmi (default CODEOWNER; no per-site assignee)	none recorded	2026-11-03 (audit follow-up, not exception extension)	Fixture confinement not individually reverified; standalone gosec excludes tests, golangci may include them.
retained	gosec + golangci/gosec	G304,G703	backup_encrypt_test.go	177	177	TestBackupEncrypt_TruncatedCiphertext	root go.mod	default constraints	// #nosec G304 G703 -- test temp path under t.TempDir()	Fixture confined to tests; real credentials/URLs must not enter shipped paths.	under investigation	TestBackupEncrypt_TruncatedCiphertext	Fast PR Gate root race + golangci; QA root race on main/dispatch	@KidCarmi (default CODEOWNER; no per-site assignee)	none recorded	2026-11-03 (audit follow-up, not exception extension)	Fixture confinement not individually reverified; standalone gosec excludes tests, golangci may include them.
retained	gosec + golangci/gosec	G304,G703	backup_encrypt_test.go	197	197	TestBackupEncrypt_TamperedMagic	root go.mod	default constraints	// #nosec G304 G703 -- test temp path under t.TempDir()	Fixture confined to tests; real credentials/URLs must not enter shipped paths.	under investigation	TestBackupEncrypt_TamperedMagic	Fast PR Gate root race + golangci; QA root race on main/dispatch	@KidCarmi (default CODEOWNER; no per-site assignee)	none recorded	2026-11-03 (audit follow-up, not exception extension)	Fixture confinement not individually reverified; standalone gosec excludes tests, golangci may include them.
retained	gosec + golangci/gosec	G304,G703	backup_encrypt_test.go	202	202	TestBackupEncrypt_TamperedMagic	root go.mod	default constraints	// #nosec G304 G703 -- test temp path under t.TempDir()	Fixture confined to tests; real credentials/URLs must not enter shipped paths.	under investigation	TestBackupEncrypt_TamperedMagic	Fast PR Gate root race + golangci; QA root race on main/dispatch	@KidCarmi (default CODEOWNER; no per-site assignee)	none recorded	2026-11-03 (audit follow-up, not exception extension)	Fixture confinement not individually reverified; standalone gosec excludes tests, golangci may include them.
retained	gosec + golangci/gosec	G304,G703	backup_encrypt_test.go	225	225	TestBackupEncrypt_TamperedHeaderItersFailsAAD	root go.mod	default constraints	// #nosec G304 G703 -- test temp path under t.TempDir()	Fixture confined to tests; real credentials/URLs must not enter shipped paths.	under investigation	TestBackupEncrypt_TamperedHeaderItersFailsAAD	Fast PR Gate root race + golangci; QA root race on main/dispatch	@KidCarmi (default CODEOWNER; no per-site assignee)	none recorded	2026-11-03 (audit follow-up, not exception extension)	Fixture confinement not individually reverified; standalone gosec excludes tests, golangci may include them.
retained	gosec + golangci/gosec	G304,G703	backup_encrypt_test.go	232	232	TestBackupEncrypt_TamperedHeaderItersFailsAAD	root go.mod	default constraints	// #nosec G304 G703 -- test temp path under t.TempDir()	Fixture confined to tests; real credentials/URLs must not enter shipped paths.	under investigation	TestBackupEncrypt_TamperedHeaderItersFailsAAD	Fast PR Gate root race + golangci; QA root race on main/dispatch	@KidCarmi (default CODEOWNER; no per-site assignee)	none recorded	2026-11-03 (audit follow-up, not exception extension)	Fixture confinement not individually reverified; standalone gosec excludes tests, golangci may include them.
retained	gosec + golangci/gosec	G304,G703	backup_encrypt_test.go	256	256	TestBackupEncrypt_HeaderAADCrossSwap	root go.mod	default constraints	// #nosec G304 G703 -- test temp path under t.TempDir()	Fixture confined to tests; real credentials/URLs must not enter shipped paths.	under investigation	TestBackupEncrypt_HeaderAADCrossSwap	Fast PR Gate root race + golangci; QA root race on main/dispatch	@KidCarmi (default CODEOWNER; no per-site assignee)	none recorded	2026-11-03 (audit follow-up, not exception extension)	Fixture confinement not individually reverified; standalone gosec excludes tests, golangci may include them.
retained	gosec + golangci/gosec	G304,G703	backup_encrypt_test.go	260	260	TestBackupEncrypt_HeaderAADCrossSwap	root go.mod	default constraints	// #nosec G304 G703 -- test temp path under t.TempDir()	Fixture confined to tests; real credentials/URLs must not enter shipped paths.	under investigation	TestBackupEncrypt_HeaderAADCrossSwap	Fast PR Gate root race + golangci; QA root race on main/dispatch	@KidCarmi (default CODEOWNER; no per-site assignee)	none recorded	2026-11-03 (audit follow-up, not exception extension)	Fixture confinement not individually reverified; standalone gosec excludes tests, golangci may include them.
retained	gosec + golangci/gosec	G304,G703	backup_encrypt_test.go	270	270	TestBackupEncrypt_HeaderAADCrossSwap	root go.mod	default constraints	// #nosec G304 G703 -- test temp path under t.TempDir()	Fixture confined to tests; real credentials/URLs must not enter shipped paths.	under investigation	TestBackupEncrypt_HeaderAADCrossSwap	Fast PR Gate root race + golangci; QA root race on main/dispatch	@KidCarmi (default CODEOWNER; no per-site assignee)	none recorded	2026-11-03 (audit follow-up, not exception extension)	Fixture confinement not individually reverified; standalone gosec excludes tests, golangci may include them.
retained	gosec + golangci/gosec	G304,G703	backup_encrypt_test.go	303	303	TestBackupEncrypt_LegacyUnencryptedRestores	root go.mod	default constraints	// #nosec G304 G703 -- test temp path under t.TempDir()	Fixture confined to tests; real credentials/URLs must not enter shipped paths.	under investigation	TestBackupEncrypt_LegacyUnencryptedRestores	Fast PR Gate root race + golangci; QA root race on main/dispatch	@KidCarmi (default CODEOWNER; no per-site assignee)	none recorded	2026-11-03 (audit follow-up, not exception extension)	Fixture confinement not individually reverified; standalone gosec excludes tests, golangci may include them.
retained	gosec + golangci/gosec	G304,G703	backup_encrypt_test.go	364	364	TestBackupEncrypt_RefusesOverwrite	root go.mod	default constraints	// #nosec G304 G703 -- test temp path under t.TempDir()	Fixture confined to tests; real credentials/URLs must not enter shipped paths.	under investigation	TestBackupEncrypt_RefusesOverwrite	Fast PR Gate root race + golangci; QA root race on main/dispatch	@KidCarmi (default CODEOWNER; no per-site assignee)	none recorded	2026-11-03 (audit follow-up, not exception extension)	Fixture confinement not individually reverified; standalone gosec excludes tests, golangci may include them.
retained	gosec + golangci/gosec	G304,G703	backup_encrypt_test.go	376	376	TestBackupEncrypt_RefusesOverwrite	root go.mod	default constraints	// #nosec G304 G703 -- test temp path under t.TempDir()	Fixture confined to tests; real credentials/URLs must not enter shipped paths.	under investigation	TestBackupEncrypt_RefusesOverwrite	Fast PR Gate root race + golangci; QA root race on main/dispatch	@KidCarmi (default CODEOWNER; no per-site assignee)	none recorded	2026-11-03 (audit follow-up, not exception extension)	Fixture confinement not individually reverified; standalone gosec excludes tests, golangci may include them.
retained	gosec + golangci/gosec	G304,G703	backup_encrypt_test.go	492	492	TestBackupEncrypt_StaleTmpDoesNotAffect	root go.mod	default constraints	// #nosec G304 G703 -- test temp path under t.TempDir()	Fixture confined to tests; real credentials/URLs must not enter shipped paths.	under investigation	TestBackupEncrypt_StaleTmpDoesNotAffect	Fast PR Gate root race + golangci; QA root race on main/dispatch	@KidCarmi (default CODEOWNER; no per-site assignee)	none recorded	2026-11-03 (audit follow-up, not exception extension)	Fixture confinement not individually reverified; standalone gosec excludes tests, golangci may include them.
retained	gosec + golangci/gosec	G304,G703	backup_encrypt_test.go	501	501	TestBackupEncrypt_StaleTmpDoesNotAffect	root go.mod	default constraints	// #nosec G304 G703 -- test temp path under t.TempDir()	Fixture confined to tests; real credentials/URLs must not enter shipped paths.	under investigation	TestBackupEncrypt_StaleTmpDoesNotAffect	Fast PR Gate root race + golangci; QA root race on main/dispatch	@KidCarmi (default CODEOWNER; no per-site assignee)	none recorded	2026-11-03 (audit follow-up, not exception extension)	Fixture confinement not individually reverified; standalone gosec excludes tests, golangci may include them.
retained	gosec + golangci/gosec	G304,G703	backup_encrypt_test.go	512	512	TestBackupEncrypt_StaleTmpDoesNotAffect	root go.mod	default constraints	// #nosec G304 G703 -- test temp path under t.TempDir()	Fixture confined to tests; real credentials/URLs must not enter shipped paths.	under investigation	TestBackupEncrypt_StaleTmpDoesNotAffect	Fast PR Gate root race + golangci; QA root race on main/dispatch	@KidCarmi (default CODEOWNER; no per-site assignee)	none recorded	2026-11-03 (audit follow-up, not exception extension)	Fixture confinement not individually reverified; standalone gosec excludes tests, golangci may include them.
retained	gosec + golangci/gosec	G204	candidate_qualification_docker_test.go	181	181	buildFakeCulvert	root go.mod	default constraints	// #nosec G204 -- fixed go build of this test's own temp source.	Fixture confined to tests; real credentials/URLs must not enter shipped paths.	under investigation	test helper (callers not individually mapped)	Fast PR Gate root race + golangci; QA root race on main/dispatch	@KidCarmi (default CODEOWNER; no per-site assignee)	none recorded	2026-11-03 (audit follow-up, not exception extension)	Fixture confinement not individually reverified; standalone gosec excludes tests, golangci may include them.
retained	gosec + golangci/gosec	G204	candidate_qualification_docker_test.go	197	197	dockerOut	root go.mod	default constraints	// #nosec G204 -- docker with this test's own arguments.	Fixture confined to tests; real credentials/URLs must not enter shipped paths.	under investigation	test helper (callers not individually mapped)	Fast PR Gate root race + golangci; QA root race on main/dispatch	@KidCarmi (default CODEOWNER; no per-site assignee)	none recorded	2026-11-03 (audit follow-up, not exception extension)	Fixture confinement not individually reverified; standalone gosec excludes tests, golangci may include them.
retained	gosec + golangci/gosec	G204	candidate_qualification_docker_test.go	285	285	TestCandidateQualification_RealDockerImageStore	root go.mod	default constraints	// #nosec G204 -- docker with this test's own arguments.	Fixture confined to tests; real credentials/URLs must not enter shipped paths.	under investigation	TestCandidateQualification_RealDockerImageStore	Fast PR Gate root race + golangci; QA root race on main/dispatch	@KidCarmi (default CODEOWNER; no per-site assignee)	none recorded	2026-11-03 (audit follow-up, not exception extension)	Fixture confinement not individually reverified; standalone gosec excludes tests, golangci may include them.
retained	gosec + golangci/gosec	G204	candidate_qualification_docker_test.go	313	313	TestCandidateQualification_RealDockerImageStore	root go.mod	default constraints	// #nosec G204 -- this repository's own scripts with test arguments.	Fixture confined to tests; real credentials/URLs must not enter shipped paths.	under investigation	TestCandidateQualification_RealDockerImageStore	Fast PR Gate root race + golangci; QA root race on main/dispatch	@KidCarmi (default CODEOWNER; no per-site assignee)	none recorded	2026-11-03 (audit follow-up, not exception extension)	Fixture confinement not individually reverified; standalone gosec excludes tests, golangci may include them.
retained	gosec + golangci/gosec	G402	cdr.go	301	301	buildCDRTLSConfig	root go.mod	default constraints	// #nosec G402 -- pin-verified below (see VerifyPeerCertificate)	See verbatim annotation; path ownership, reachable inputs and supported configuration require verification.	under investigation	annotation only; no protection verified per-site in this audit	Fast PR Gate root race + golangci; QA root race on main/dispatch	@KidCarmi (default CODEOWNER; no per-site assignee)	none recorded	2026-11-03 (audit follow-up, not exception extension)	Retain pending boundary/control review; reason is not proof. Run unfiltered advisory and triage per site.
retained	golangci/gosec only	G101	cdr_secretwrite_test.go	94	94	TestInstallRenewedPEMs_StagingDoesNotFollowAPlantedSymlink	root go.mod	default constraints	//nolint:gosec // G101: PEM header placeholder, no key material	Fixture confined to tests; real credentials/URLs must not enter shipped paths.	under investigation	TestInstallRenewedPEMs_StagingDoesNotFollowAPlantedSymlink	Fast PR Gate root race + golangci; QA root race on main/dispatch	@KidCarmi (default CODEOWNER; no per-site assignee)	none recorded	2026-11-03 (audit follow-up, not exception extension)	Fixture confinement not individually reverified; standalone gosec excludes tests, golangci may include them.
retained	golangci/gosec only	G204	cdr_sluice_integration_test.go	60	60	buildPinnedSluice	root go.mod	default constraints	//nolint:gosec // G204: the module path is the go.mod-pinned Sluice engine, the output path is this harness's tmp dir	Fixture confined to tests; real credentials/URLs must not enter shipped paths.	under investigation	test helper (callers not individually mapped)	Fast PR Gate root race + golangci; QA root race on main/dispatch	@KidCarmi (default CODEOWNER; no per-site assignee)	none recorded	2026-11-03 (audit follow-up, not exception extension)	Fixture confinement not individually reverified; standalone gosec excludes tests, golangci may include them.
retained	golangci/gosec only	G204	cdr_sluice_integration_test.go	139	139	boot	root go.mod	default constraints	//nolint:gosec // G204: d.bin is the daemon this harness built from the pinned module above	Fixture confined to tests; real credentials/URLs must not enter shipped paths.	under investigation	test helper (callers not individually mapped)	Fast PR Gate root race + golangci; QA root race on main/dispatch	@KidCarmi (default CODEOWNER; no per-site assignee)	none recorded	2026-11-03 (audit follow-up, not exception extension)	Fixture confinement not individually reverified; standalone gosec excludes tests, golangci may include them.
retained	gosec + golangci/gosec	G101	cdr_startup_test.go	66	66	TestResolveCDRStartupConfig_WhitespaceOnlyCLIFingerprintDoesNotOverrideYAML	root go.mod	default constraints	// #nosec G101 -- synthetic 64-hex fixture, not a real credential	Fixture confined to tests; real credentials/URLs must not enter shipped paths.	under investigation	TestResolveCDRStartupConfig_WhitespaceOnlyCLIFingerprintDoesNotOverrideYAML	Fast PR Gate root race + golangci; QA root race on main/dispatch	@KidCarmi (default CODEOWNER; no per-site assignee)	none recorded	2026-11-03 (audit follow-up, not exception extension)	Fixture confinement not individually reverified; standalone gosec excludes tests, golangci may include them.
retained	gosec + golangci/gosec	G101	cdr_startup_test.go	82	82	TestResolveCDRStartupConfig_NonBlankCLIFingerprintStillWins	root go.mod	default constraints	// #nosec G101 -- synthetic 64-hex fixture, not a real credential	Fixture confined to tests; real credentials/URLs must not enter shipped paths.	under investigation	TestResolveCDRStartupConfig_NonBlankCLIFingerprintStillWins	Fast PR Gate root race + golangci; QA root race on main/dispatch	@KidCarmi (default CODEOWNER; no per-site assignee)	none recorded	2026-11-03 (audit follow-up, not exception extension)	Fixture confinement not individually reverified; standalone gosec excludes tests, golangci may include them.
retained	gosec + golangci/gosec	G120	cdr_ui.go	1324	1324	readCDRTestUpload	root go.mod	default constraints	// #nosec G120 -- MaxBytesReader above caps body	See verbatim annotation; path ownership, reachable inputs and supported configuration require verification.	under investigation	annotation only; no protection verified per-site in this audit	Fast PR Gate root race + golangci; QA root race on main/dispatch	@KidCarmi (default CODEOWNER; no per-site assignee)	none recorded	2026-11-03 (audit follow-up, not exception extension)	Retain pending boundary/control review; reason is not proof. Run unfiltered advisory and triage per site.
retained	gosec + golangci/gosec	G304	cluster_apply_persist_test.go	221	221	TestApplyConfigSnapshot_FileBlockExtensionsPersist	root go.mod	default constraints	// #nosec G304 -- test-controlled temp path	Fixture confined to tests; real credentials/URLs must not enter shipped paths.	under investigation	TestApplyConfigSnapshot_FileBlockExtensionsPersist	Fast PR Gate root race + golangci; QA root race on main/dispatch	@KidCarmi (default CODEOWNER; no per-site assignee)	none recorded	2026-11-03 (audit follow-up, not exception extension)	Fixture confinement not individually reverified; standalone gosec excludes tests, golangci may include them.
retained	gosec + golangci/gosec	G101	cluster_persistence_atomic_test.go	115	115	TestCL7_SaveHAConfig_AtomicWriteFile	root go.mod	default constraints	// #nosec G101 -- synthetic test fixture; never leaves this test	Fixture confined to tests; real credentials/URLs must not enter shipped paths.	under investigation	TestCL7_SaveHAConfig_AtomicWriteFile	Fast PR Gate root race + golangci; QA root race on main/dispatch	@KidCarmi (default CODEOWNER; no per-site assignee)	none recorded	2026-11-03 (audit follow-up, not exception extension)	Fixture confinement not individually reverified; standalone gosec excludes tests, golangci may include them.
retained	gosec + golangci/gosec	G304	cluster_startup.go	201	201	buildEtcdTLSConfig	root go.mod	default constraints	// #nosec G304 -- operator-configured path	See verbatim annotation; path ownership, reachable inputs and supported configuration require verification.	under investigation	annotation only; no protection verified per-site in this audit	Fast PR Gate root race + golangci; QA root race on main/dispatch	@KidCarmi (default CODEOWNER; no per-site assignee)	none recorded	2026-11-03 (audit follow-up, not exception extension)	Retain pending boundary/control review; reason is not proof. Run unfiltered advisory and triage per site.
retained	gosec + golangci/gosec	G107	cmd/catalogfetch/main.go	99	99	fetch	root go.mod	default constraints	// #nosec G107 -- target is a public catalog URL supplied by the CI step (a	See verbatim annotation; path ownership, reachable inputs and supported configuration require verification.	under investigation	annotation only; no protection verified per-site in this audit	Fast PR Gate root race + golangci; QA root race on main/dispatch	@KidCarmi (default CODEOWNER; no per-site assignee)	none recorded	2026-11-03 (audit follow-up, not exception extension)	Retain pending boundary/control review; reason is not proof. Run unfiltered advisory and triage per site.
retained	gosec + golangci/gosec	G710	cmd/cireport/collect_test.go	87	87	ServeHTTP	root go.mod	default constraints	// #nosec G710 -- test double: the target is this server's own /log-blob path and m[1] matched \d+	Fixture confined to tests; real credentials/URLs must not enter shipped paths.	under investigation	test helper (callers not individually mapped)	Fast PR Gate root race + golangci; QA root race on main/dispatch	@KidCarmi (default CODEOWNER; no per-site assignee)	none recorded	2026-11-03 (audit follow-up, not exception extension)	Fixture confinement not individually reverified; standalone gosec excludes tests, golangci may include them.
retained	gosec + golangci/gosec	G710	cmd/cireport/collect_test.go	100	100	ServeHTTP	root go.mod	default constraints	// #nosec G710 -- test double: the target is this server's own /blob path and m[1] matched \d+	Fixture confined to tests; real credentials/URLs must not enter shipped paths.	under investigation	test helper (callers not individually mapped)	Fast PR Gate root race + golangci; QA root race on main/dispatch	@KidCarmi (default CODEOWNER; no per-site assignee)	none recorded	2026-11-03 (audit follow-up, not exception extension)	Fixture confinement not individually reverified; standalone gosec excludes tests, golangci may include them.
retained	golangci/gosec only	all rules (no explicit ID)	cmd/culvert-maint/internal/audit/audit.go	58	58	New	culvert-maint (nested go.mod)	default constraints	//nolint:gosec // 0750 is intentional for state dir	See verbatim annotation; path ownership, reachable inputs and supported configuration require verification.	under investigation	annotation only; no protection verified per-site in this audit	Fast security-fast and agent lane when module changes; Deep maint; QA qa-agent	@KidCarmi (default CODEOWNER; no per-site assignee)	none recorded	2026-11-03 (audit follow-up, not exception extension)	Retain pending boundary/control review; reason is not proof. Run unfiltered advisory and triage per site.
retained	gosec + golangci/gosec	G302	cmd/culvert-maint/internal/audit/audit.go	61	61	New	culvert-maint (nested go.mod)	default constraints	// #nosec G302 -- 0640 is the documented audit mode	See verbatim annotation; path ownership, reachable inputs and supported configuration require verification.	under investigation	annotation only; no protection verified per-site in this audit	Fast security-fast and agent lane when module changes; Deep maint; QA qa-agent	@KidCarmi (default CODEOWNER; no per-site assignee)	none recorded	2026-11-03 (audit follow-up, not exception extension)	Retain pending boundary/control review; reason is not proof. Run unfiltered advisory and triage per site.
retained	gosec + golangci/gosec	G304	cmd/culvert-maint/internal/audit/audit.go	133	133	Recent	culvert-maint (nested go.mod)	default constraints	// #nosec G304 -- agent state dir, owner-controlled	See verbatim annotation; path ownership, reachable inputs and supported configuration require verification.	under investigation	annotation only; no protection verified per-site in this audit	Fast security-fast and agent lane when module changes; Deep maint; QA qa-agent	@KidCarmi (default CODEOWNER; no per-site assignee)	none recorded	2026-11-03 (audit follow-up, not exception extension)	Retain pending boundary/control review; reason is not proof. Run unfiltered advisory and triage per site.
retained	golangci/gosec only	all rules (no explicit ID)	cmd/culvert-maint/internal/audit/audit_test.go	61	61	TestWrite_AppendsValidJSONLines	culvert-maint (nested go.mod)	default constraints	//nolint:gosec // test temp path	Fixture confined to tests; real credentials/URLs must not enter shipped paths.	under investigation	TestWrite_AppendsValidJSONLines	Fast security-fast and agent lane when module changes; Deep maint; QA qa-agent	@KidCarmi (default CODEOWNER; no per-site assignee)	none recorded	2026-11-03 (audit follow-up, not exception extension)	Fixture confinement not individually reverified; standalone gosec excludes tests, golangci may include them.
retained	golangci/gosec only	all rules (no explicit ID)	cmd/culvert-maint/internal/audit/audit_test.go	123	123	TestWrite_NoSecretsInOutput	culvert-maint (nested go.mod)	default constraints	//nolint:gosec // test temp path	Fixture confined to tests; real credentials/URLs must not enter shipped paths.	under investigation	TestWrite_NoSecretsInOutput	Fast security-fast and agent lane when module changes; Deep maint; QA qa-agent	@KidCarmi (default CODEOWNER; no per-site assignee)	none recorded	2026-11-03 (audit follow-up, not exception extension)	Fixture confinement not individually reverified; standalone gosec excludes tests, golangci may include them.
retained	golangci/gosec only	all rules (no explicit ID)	cmd/culvert-maint/internal/audit/audit_test.go	184	184	TestRecent_EmptyAndMissingFile	culvert-maint (nested go.mod)	default constraints	//nolint:gosec // test temp path	Fixture confined to tests; real credentials/URLs must not enter shipped paths.	under investigation	TestRecent_EmptyAndMissingFile	Fast security-fast and agent lane when module changes; Deep maint; QA qa-agent	@KidCarmi (default CODEOWNER; no per-site assignee)	none recorded	2026-11-03 (audit follow-up, not exception extension)	Fixture confinement not individually reverified; standalone gosec excludes tests, golangci may include them.
retained	golangci/gosec only	all rules (no explicit ID)	cmd/culvert-maint/internal/audit/audit_test.go	203	203	TestRecent_HandlesPartialTrailingLine	culvert-maint (nested go.mod)	default constraints	//nolint:gosec // test temp path	Fixture confined to tests; real credentials/URLs must not enter shipped paths.	under investigation	TestRecent_HandlesPartialTrailingLine	Fast security-fast and agent lane when module changes; Deep maint; QA qa-agent	@KidCarmi (default CODEOWNER; no per-site assignee)	none recorded	2026-11-03 (audit follow-up, not exception extension)	Fixture confinement not individually reverified; standalone gosec excludes tests, golangci may include them.
retained	golangci/gosec only	all rules (no explicit ID)	cmd/culvert-maint/internal/audit/audit_test.go	225	225	TestRecent_FailsOnMalformedCompleteLine	culvert-maint (nested go.mod)	default constraints	//nolint:gosec // test temp path	Fixture confined to tests; real credentials/URLs must not enter shipped paths.	under investigation	TestRecent_FailsOnMalformedCompleteLine	Fast security-fast and agent lane when module changes; Deep maint; QA qa-agent	@KidCarmi (default CODEOWNER; no per-site assignee)	none recorded	2026-11-03 (audit follow-up, not exception extension)	Fixture confinement not individually reverified; standalone gosec excludes tests, golangci may include them.
retained	golangci/gosec only	all rules (no explicit ID)	cmd/culvert-maint/internal/auth/auth_test.go	22	22	TestNewPolicy_AcceptsUIDsAndUsernames	culvert-maint (nested go.mod)	default constraints	//nolint:gosec // uid range fits uint32 on Linux	Fixture confined to tests; real credentials/URLs must not enter shipped paths.	under investigation	TestNewPolicy_AcceptsUIDsAndUsernames	Fast security-fast and agent lane when module changes; Deep maint; QA qa-agent	@KidCarmi (default CODEOWNER; no per-site assignee)	none recorded	2026-11-03 (audit follow-up, not exception extension)	Fixture confinement not individually reverified; standalone gosec excludes tests, golangci may include them.
retained	golangci/gosec only	all rules (no explicit ID)	cmd/culvert-maint/internal/auth/auth_test.go	114	114	TestPeer_OnUDS_ReturnsCallingProcessUID	culvert-maint (nested go.mod)	default constraints	//nolint:gosec // uid range fits uint32 on Linux	Fixture confined to tests; real credentials/URLs must not enter shipped paths.	under investigation	TestPeer_OnUDS_ReturnsCallingProcessUID	Fast security-fast and agent lane when module changes; Deep maint; QA qa-agent	@KidCarmi (default CODEOWNER; no per-site assignee)	none recorded	2026-11-03 (audit follow-up, not exception extension)	Fixture confinement not individually reverified; standalone gosec excludes tests, golangci may include them.
retained	gosec + golangci/gosec	G304	cmd/culvert-maint/internal/journal/journal.go	160	160	Read	culvert-maint (nested go.mod)	default constraints	// #nosec G304 -- path is ULID-validated under the reconcile dir	See verbatim annotation; path ownership, reachable inputs and supported configuration require verification.	under investigation	annotation only; no protection verified per-site in this audit	Fast security-fast and agent lane when module changes; Deep maint; QA qa-agent	@KidCarmi (default CODEOWNER; no per-site assignee)	none recorded	2026-11-03 (audit follow-up, not exception extension)	Retain pending boundary/control review; reason is not proof. Run unfiltered advisory and triage per site.
retained	gosec + golangci/gosec	G304	cmd/culvert-maint/internal/journal/journal.go	262	262	fsyncDir	culvert-maint (nested go.mod)	default constraints	// #nosec G304 -- reconcile dir, agent-owned	See verbatim annotation; path ownership, reachable inputs and supported configuration require verification.	under investigation	annotation only; no protection verified per-site in this audit	Fast security-fast and agent lane when module changes; Deep maint; QA qa-agent	@KidCarmi (default CODEOWNER; no per-site assignee)	none recorded	2026-11-03 (audit follow-up, not exception extension)	Retain pending boundary/control review; reason is not proof. Run unfiltered advisory and triage per site.
retained	golangci/gosec only	all rules (no explicit ID)	cmd/culvert-maint/internal/ops/oplog.go	76	76	OpenOpLog	culvert-maint (nested go.mod)	default constraints	//nolint:gosec // path constructed from validated ULID, cannot escape	See verbatim annotation; path ownership, reachable inputs and supported configuration require verification.	under investigation	annotation only; no protection verified per-site in this audit	Fast security-fast and agent lane when module changes; Deep maint; QA qa-agent	@KidCarmi (default CODEOWNER; no per-site assignee)	none recorded	2026-11-03 (audit follow-up, not exception extension)	Retain pending boundary/control review; reason is not proof. Run unfiltered advisory and triage per site.
retained	golangci/gosec only	all rules (no explicit ID)	cmd/culvert-maint/internal/ops/oplog_test.go	86	86	TestOpLog_StageStartEndAppend	culvert-maint (nested go.mod)	default constraints	//nolint:gosec // test path	Fixture confined to tests; real credentials/URLs must not enter shipped paths.	under investigation	TestOpLog_StageStartEndAppend	Fast security-fast and agent lane when module changes; Deep maint; QA qa-agent	@KidCarmi (default CODEOWNER; no per-site assignee)	none recorded	2026-11-03 (audit follow-up, not exception extension)	Fixture confinement not individually reverified; standalone gosec excludes tests, golangci may include them.
retained	golangci/gosec only	all rules (no explicit ID)	cmd/culvert-maint/internal/ops/oplog_test.go	114	114	TestOpLog_CaptureSplitsLinesAndStripsControls	culvert-maint (nested go.mod)	default constraints	//nolint:gosec // test path	Fixture confined to tests; real credentials/URLs must not enter shipped paths.	under investigation	TestOpLog_CaptureSplitsLinesAndStripsControls	Fast security-fast and agent lane when module changes; Deep maint; QA qa-agent	@KidCarmi (default CODEOWNER; no per-site assignee)	none recorded	2026-11-03 (audit follow-up, not exception extension)	Fixture confinement not individually reverified; standalone gosec excludes tests, golangci may include them.
retained	golangci/gosec only	all rules (no explicit ID)	cmd/culvert-maint/internal/ops/oplog_test.go	142	142	TestOpLog_CaptureTruncatesLargeBodies	culvert-maint (nested go.mod)	default constraints	//nolint:gosec // test path	Fixture confined to tests; real credentials/URLs must not enter shipped paths.	under investigation	TestOpLog_CaptureTruncatesLargeBodies	Fast security-fast and agent lane when module changes; Deep maint; QA qa-agent	@KidCarmi (default CODEOWNER; no per-site assignee)	none recorded	2026-11-03 (audit follow-up, not exception extension)	Fixture confinement not individually reverified; standalone gosec excludes tests, golangci may include them.
retained	golangci/gosec only	all rules (no explicit ID)	cmd/culvert-maint/internal/ops/oplog_test.go	160	160	TestOpLog_NoteSanitizesMultilineToOne	culvert-maint (nested go.mod)	default constraints	//nolint:gosec // test path	Fixture confined to tests; real credentials/URLs must not enter shipped paths.	under investigation	TestOpLog_NoteSanitizesMultilineToOne	Fast security-fast and agent lane when module changes; Deep maint; QA qa-agent	@KidCarmi (default CODEOWNER; no per-site assignee)	none recorded	2026-11-03 (audit follow-up, not exception extension)	Fixture confinement not individually reverified; standalone gosec excludes tests, golangci may include them.
retained	golangci/gosec only	all rules (no explicit ID)	cmd/culvert-maint/internal/ops/orchestrator_test.go	59	59	opLogContent	culvert-maint (nested go.mod)	default constraints	//nolint:gosec // test path	Fixture confined to tests; real credentials/URLs must not enter shipped paths.	under investigation	test helper (callers not individually mapped)	Fast security-fast and agent lane when module changes; Deep maint; QA qa-agent	@KidCarmi (default CODEOWNER; no per-site assignee)	none recorded	2026-11-03 (audit follow-up, not exception extension)	Fixture confinement not individually reverified; standalone gosec excludes tests, golangci may include them.
retained	golangci/gosec only	all rules (no explicit ID)	cmd/culvert-maint/internal/ops/orchestrator_test.go	68	68	auditContent	culvert-maint (nested go.mod)	default constraints	//nolint:gosec // test path	Fixture confined to tests; real credentials/URLs must not enter shipped paths.	under investigation	test helper (callers not individually mapped)	Fast security-fast and agent lane when module changes; Deep maint; QA qa-agent	@KidCarmi (default CODEOWNER; no per-site assignee)	none recorded	2026-11-03 (audit follow-up, not exception extension)	Fixture confinement not individually reverified; standalone gosec excludes tests, golangci may include them.
retained	golangci/gosec only	all rules (no explicit ID)	cmd/culvert-maint/internal/runner/parity_test.go	130	130	TestSudoers_EnvKeepIsCommandScoped	culvert-maint (nested go.mod)	default constraints	//nolint:gosec // test reads packaging file by computed path	Fixture confined to tests; real credentials/URLs must not enter shipped paths.	under investigation	TestSudoers_EnvKeepIsCommandScoped	Fast security-fast and agent lane when module changes; Deep maint; QA qa-agent	@KidCarmi (default CODEOWNER; no per-site assignee)	none recorded	2026-11-03 (audit follow-up, not exception extension)	Fixture confinement not individually reverified; standalone gosec excludes tests, golangci may include them.
retained	golangci/gosec only	all rules (no explicit ID)	cmd/culvert-maint/internal/runner/parity_test.go	184	184	TestSudoers_ImagePullTagAreRepoBound	culvert-maint (nested go.mod)	default constraints	//nolint:gosec // test reads packaging file by computed path	Fixture confined to tests; real credentials/URLs must not enter shipped paths.	under investigation	TestSudoers_ImagePullTagAreRepoBound	Fast security-fast and agent lane when module changes; Deep maint; QA qa-agent	@KidCarmi (default CODEOWNER; no per-site assignee)	none recorded	2026-11-03 (audit follow-up, not exception extension)	Fixture confinement not individually reverified; standalone gosec excludes tests, golangci may include them.
retained	golangci/gosec only	all rules (no explicit ID)	cmd/culvert-maint/internal/runner/parity_test.go	269	269	parseSudoersTemplates	culvert-maint (nested go.mod)	default constraints	//nolint:gosec // test reads packaging file by computed path	Fixture confined to tests; real credentials/URLs must not enter shipped paths.	under investigation	test helper (callers not individually mapped)	Fast security-fast and agent lane when module changes; Deep maint; QA qa-agent	@KidCarmi (default CODEOWNER; no per-site assignee)	none recorded	2026-11-03 (audit follow-up, not exception extension)	Fixture confinement not individually reverified; standalone gosec excludes tests, golangci may include them.
retained	golangci/gosec only	all rules (no explicit ID)	cmd/culvert-maint/internal/runner/procgroup_linux_test.go	31	31	TestKillProcGroup_ReapsGrandchild	culvert-maint (nested go.mod)	linux	//nolint:gosec // fixed test argv	Fixture confined to tests; real credentials/URLs must not enter shipped paths.	under investigation	TestKillProcGroup_ReapsGrandchild	Fast security-fast and agent lane when module changes; Deep maint; QA qa-agent; requires build tag linux (not assumed in ordinary race lane)	@KidCarmi (default CODEOWNER; no per-site assignee)	none recorded	2026-11-03 (audit follow-up, not exception extension)	Fixture confinement not individually reverified; standalone gosec excludes tests, golangci may include them.
retained	golangci/gosec only	all rules (no explicit ID)	cmd/culvert-maint/internal/runner/procgroup_linux_test.go	41	41	TestKillProcGroup_ReapsGrandchild	culvert-maint (nested go.mod)	linux	//nolint:gosec // test path	Fixture confined to tests; real credentials/URLs must not enter shipped paths.	under investigation	TestKillProcGroup_ReapsGrandchild	Fast security-fast and agent lane when module changes; Deep maint; QA qa-agent; requires build tag linux (not assumed in ordinary race lane)	@KidCarmi (default CODEOWNER; no per-site assignee)	none recorded	2026-11-03 (audit follow-up, not exception extension)	Fixture confinement not individually reverified; standalone gosec excludes tests, golangci may include them.
retained	golangci/gosec only	all rules (no explicit ID)	cmd/culvert-maint/internal/runner/procgroup_linux_test.go	88	88	TestSetProcGroup_SetsPgid	culvert-maint (nested go.mod)	linux	//nolint:gosec // fixed test argv	Fixture confined to tests; real credentials/URLs must not enter shipped paths.	under investigation	TestSetProcGroup_SetsPgid	Fast security-fast and agent lane when module changes; Deep maint; QA qa-agent; requires build tag linux (not assumed in ordinary race lane)	@KidCarmi (default CODEOWNER; no per-site assignee)	none recorded	2026-11-03 (audit follow-up, not exception extension)	Fixture confinement not individually reverified; standalone gosec excludes tests, golangci may include them.
retained	golangci/gosec only	all rules (no explicit ID)	cmd/culvert-maint/internal/runner/procgroup_linux_test.go	110	110	procIsZombie	culvert-maint (nested go.mod)	linux	//nolint:gosec // test-controlled pid	Fixture confined to tests; real credentials/URLs must not enter shipped paths.	under investigation	test helper (callers not individually mapped)	Fast security-fast and agent lane when module changes; Deep maint; QA qa-agent; requires build tag linux (not assumed in ordinary race lane)	@KidCarmi (default CODEOWNER; no per-site assignee)	none recorded	2026-11-03 (audit follow-up, not exception extension)	Fixture confinement not individually reverified; standalone gosec excludes tests, golangci may include them.
retained	gosec + golangci/gosec	G204	cmd/culvert-maint/internal/runner/runner.go	448	448	runWithEnv	culvert-maint (nested go.mod)	default constraints	// #nosec G204 -- argv comes from a fixed template registry, never operator input	See verbatim annotation; path ownership, reachable inputs and supported configuration require verification.	under investigation	annotation only; no protection verified per-site in this audit	Fast security-fast and agent lane when module changes; Deep maint; QA qa-agent	@KidCarmi (default CODEOWNER; no per-site assignee)	none recorded	2026-11-03 (audit follow-up, not exception extension)	Retain pending boundary/control review; reason is not proof. Run unfiltered advisory and triage per site.
retained	golangci/gosec only	all rules (no explicit ID)	cmd/culvert-maint/internal/runner/runner_test.go	45	45	fakeBin	culvert-maint (nested go.mod)	default constraints	//nolint:gosec // fixed argv to go toolchain in test temp dir	Fixture confined to tests; real credentials/URLs must not enter shipped paths.	under investigation	test helper (callers not individually mapped)	Fast security-fast and agent lane when module changes; Deep maint; QA qa-agent	@KidCarmi (default CODEOWNER; no per-site assignee)	none recorded	2026-11-03 (audit follow-up, not exception extension)	Fixture confinement not individually reverified; standalone gosec excludes tests, golangci may include them.
retained	golangci/gosec only	all rules (no explicit ID)	cmd/culvert-maint/internal/server/handlers_d16b_round2_test.go	71	71	TestBackupCreate_BuildStagesFailureSurfacesOpID	culvert-maint (nested go.mod)	default constraints	//nolint:gosec // test path	Fixture confined to tests; real credentials/URLs must not enter shipped paths.	under investigation	TestBackupCreate_BuildStagesFailureSurfacesOpID	Fast security-fast and agent lane when module changes; Deep maint; QA qa-agent	@KidCarmi (default CODEOWNER; no per-site assignee)	none recorded	2026-11-03 (audit follow-up, not exception extension)	Fixture confinement not individually reverified; standalone gosec excludes tests, golangci may include them.
retained	golangci/gosec only	all rules (no explicit ID)	cmd/culvert-maint/internal/server/handlers_d16b_test.go	357	357	TestBackupCreate_HappyPath_Encrypted	culvert-maint (nested go.mod)	default constraints	//nolint:gosec // test path	Fixture confined to tests; real credentials/URLs must not enter shipped paths.	under investigation	TestBackupCreate_HappyPath_Encrypted	Fast security-fast and agent lane when module changes; Deep maint; QA qa-agent	@KidCarmi (default CODEOWNER; no per-site assignee)	none recorded	2026-11-03 (audit follow-up, not exception extension)	Fixture confinement not individually reverified; standalone gosec excludes tests, golangci may include them.
retained	golangci/gosec only	all rules (no explicit ID)	cmd/culvert-maint/internal/server/handlers_d16b_test.go	367	367	TestBackupCreate_HappyPath_Encrypted	culvert-maint (nested go.mod)	default constraints	//nolint:gosec // test path	Fixture confined to tests; real credentials/URLs must not enter shipped paths.	under investigation	TestBackupCreate_HappyPath_Encrypted	Fast security-fast and agent lane when module changes; Deep maint; QA qa-agent	@KidCarmi (default CODEOWNER; no per-site assignee)	none recorded	2026-11-03 (audit follow-up, not exception extension)	Fixture confinement not individually reverified; standalone gosec excludes tests, golangci may include them.
retained	golangci/gosec only	all rules (no explicit ID)	cmd/culvert-maint/internal/server/handlers_d16b_test.go	817	817	TestRestoreCommit_RestoreAndUpBothFail_FirstFailureWins	culvert-maint (nested go.mod)	default constraints	//nolint:gosec // test path	Fixture confined to tests; real credentials/URLs must not enter shipped paths.	under investigation	TestRestoreCommit_RestoreAndUpBothFail_FirstFailureWins	Fast security-fast and agent lane when module changes; Deep maint; QA qa-agent	@KidCarmi (default CODEOWNER; no per-site assignee)	none recorded	2026-11-03 (audit follow-up, not exception extension)	Fixture confinement not individually reverified; standalone gosec excludes tests, golangci may include them.
retained	golangci/gosec only	all rules (no explicit ID)	cmd/culvert-maint/internal/server/handlers_upgrade_apply_test.go	369	369	opLog	culvert-maint (nested go.mod)	default constraints	//nolint:gosec // test path	Fixture confined to tests; real credentials/URLs must not enter shipped paths.	under investigation	test helper (callers not individually mapped)	Fast security-fast and agent lane when module changes; Deep maint; QA qa-agent	@KidCarmi (default CODEOWNER; no per-site assignee)	none recorded	2026-11-03 (audit follow-up, not exception extension)	Fixture confinement not individually reverified; standalone gosec excludes tests, golangci may include them.
retained	golangci/gosec only	all rules (no explicit ID)	cmd/culvert-maint/internal/server/handlers_upgrade_test.go	242	242	opLog	culvert-maint (nested go.mod)	default constraints	//nolint:gosec // test path	Fixture confined to tests; real credentials/URLs must not enter shipped paths.	under investigation	test helper (callers not individually mapped)	Fast security-fast and agent lane when module changes; Deep maint; QA qa-agent	@KidCarmi (default CODEOWNER; no per-site assignee)	none recorded	2026-11-03 (audit follow-up, not exception extension)	Fixture confinement not individually reverified; standalone gosec excludes tests, golangci may include them.
retained	golangci/gosec only	all rules (no explicit ID)	cmd/culvert-maint/internal/server/handlers_upgrade_test.go	494	494	TestUpgradeCheck_AuditEmitted	culvert-maint (nested go.mod)	default constraints	//nolint:gosec // test path	Fixture confined to tests; real credentials/URLs must not enter shipped paths.	under investigation	TestUpgradeCheck_AuditEmitted	Fast security-fast and agent lane when module changes; Deep maint; QA qa-agent	@KidCarmi (default CODEOWNER; no per-site assignee)	none recorded	2026-11-03 (audit follow-up, not exception extension)	Fixture confinement not individually reverified; standalone gosec excludes tests, golangci may include them.
retained	golangci/gosec only	all rules (no explicit ID)	cmd/culvert-maint/internal/server/server.go	292	292	listen	culvert-maint (nested go.mod)	default constraints	//nolint:gosec // 0660 is the documented socket mode	See verbatim annotation; path ownership, reachable inputs and supported configuration require verification.	under investigation	annotation only; no protection verified per-site in this audit	Fast security-fast and agent lane when module changes; Deep maint; QA qa-agent	@KidCarmi (default CODEOWNER; no per-site assignee)	none recorded	2026-11-03 (audit follow-up, not exception extension)	Retain pending boundary/control review; reason is not proof. Run unfiltered advisory and triage per site.
retained	gosec + golangci/gosec	G304,G703	cmd/culvert-maint/internal/server/server.go	525	525	handleOperationLogs	culvert-maint (nested go.mod)	default constraints	// #nosec G304 G703 -- opID validated to ULID via validOpID, joined under StateDir	Canonical ULID confines lexical path; StateDir integrity assumed.	protected by a control	TestOperationsEndpoint_RejectsInvalidOpID	Fast security-fast and agent lane when module changes; Deep maint; QA qa-agent	@KidCarmi (default CODEOWNER; no per-site assignee)	none recorded	2026-11-03 (audit follow-up, not exception extension)	Retire module G703 global; hostile StateDir symlink safety remains unproven.
retained	golangci/gosec only	all rules (no explicit ID)	cmd/culvert-maint/internal/status/status_test.go	44	44	fakeBin	culvert-maint (nested go.mod)	default constraints	//nolint:gosec // test helper build	Fixture confined to tests; real credentials/URLs must not enter shipped paths.	under investigation	test helper (callers not individually mapped)	Fast security-fast and agent lane when module changes; Deep maint; QA qa-agent	@KidCarmi (default CODEOWNER; no per-site assignee)	none recorded	2026-11-03 (audit follow-up, not exception extension)	Fixture confinement not individually reverified; standalone gosec excludes tests, golangci may include them.
retained	golangci/gosec only	all rules (no explicit ID)	cmd/culvert-maint/internal/status/status_test.go	193	193	TestSnapshot_ArgvIncludesFormatJSON	culvert-maint (nested go.mod)	default constraints	//nolint:gosec // test toolchain	Fixture confined to tests; real credentials/URLs must not enter shipped paths.	under investigation	TestSnapshot_ArgvIncludesFormatJSON	Fast security-fast and agent lane when module changes; Deep maint; QA qa-agent	@KidCarmi (default CODEOWNER; no per-site assignee)	none recorded	2026-11-03 (audit follow-up, not exception extension)	Fixture confinement not individually reverified; standalone gosec excludes tests, golangci may include them.
retained	golangci/gosec only	all rules (no explicit ID)	cmd/culvert-maint/internal/status/status_test.go	331	331	captureFakeBin	culvert-maint (nested go.mod)	default constraints	//nolint:gosec // test helper build	Fixture confined to tests; real credentials/URLs must not enter shipped paths.	under investigation	test helper (callers not individually mapped)	Fast security-fast and agent lane when module changes; Deep maint; QA qa-agent	@KidCarmi (default CODEOWNER; no per-site assignee)	none recorded	2026-11-03 (audit follow-up, not exception extension)	Fixture confinement not individually reverified; standalone gosec excludes tests, golangci may include them.
retained	golangci/gosec only	all rules (no explicit ID)	cmd/culvert-maint/main.go	108	108	run	culvert-maint (nested go.mod)	default constraints	//nolint:gosec // documented mode	See verbatim annotation; path ownership, reachable inputs and supported configuration require verification.	under investigation	annotation only; no protection verified per-site in this audit	Fast security-fast and agent lane when module changes; Deep maint; QA qa-agent	@KidCarmi (default CODEOWNER; no per-site assignee)	none recorded	2026-11-03 (audit follow-up, not exception extension)	Retain pending boundary/control review; reason is not proof. Run unfiltered advisory and triage per site.
retained	golangci/gosec only	all rules (no explicit ID)	cmd/culvert-maint/main.go	111	111	run	culvert-maint (nested go.mod)	default constraints	//nolint:gosec // documented mode	See verbatim annotation; path ownership, reachable inputs and supported configuration require verification.	under investigation	annotation only; no protection verified per-site in this audit	Fast security-fast and agent lane when module changes; Deep maint; QA qa-agent	@KidCarmi (default CODEOWNER; no per-site assignee)	none recorded	2026-11-03 (audit follow-up, not exception extension)	Retain pending boundary/control review; reason is not proof. Run unfiltered advisory and triage per site.
retained	gosec + golangci/gosec	G703	cmd/rootshard/completeness_test.go	132	132	replaceFile	root go.mod	default constraints	// #nosec G703 -- restores the fixture's own t.TempDir()-derived file	Fixture confined to tests; real credentials/URLs must not enter shipped paths.	under investigation	test helper (callers not individually mapped)	Fast PR Gate root race + golangci; QA root race on main/dispatch	@KidCarmi (default CODEOWNER; no per-site assignee)	none recorded	2026-11-03 (audit follow-up, not exception extension)	Fixture confinement not individually reverified; standalone gosec excludes tests, golangci may include them.
retained	gosec + golangci/gosec	G703	cmd/rootshard/completeness_test.go	133	133	replaceFile	root go.mod	default constraints	// #nosec G703 -- test rewrites its own t.TempDir()-derived evidence file	Fixture confined to tests; real credentials/URLs must not enter shipped paths.	under investigation	test helper (callers not individually mapped)	Fast PR Gate root race + golangci; QA root race on main/dispatch	@KidCarmi (default CODEOWNER; no per-site assignee)	none recorded	2026-11-03 (audit follow-up, not exception extension)	Fixture confinement not individually reverified; standalone gosec excludes tests, golangci may include them.
retained	gosec + golangci/gosec	G204	cmd/rootshard/e2e_test.go	269	269	TestPilot_EndToEnd	root go.mod	default constraints	// #nosec G204 -- literal go command over this test's own temp paths.	Fixture confined to tests; real credentials/URLs must not enter shipped paths.	under investigation	TestPilot_EndToEnd	Fast PR Gate root race + golangci; QA root race on main/dispatch	@KidCarmi (default CODEOWNER; no per-site assignee)	none recorded	2026-11-03 (audit follow-up, not exception extension)	Fixture confinement not individually reverified; standalone gosec excludes tests, golangci may include them.
retained	gosec + golangci/gosec	G703	cmd/rootshard/e2e_test.go	426	426	wrongIdentity	root go.mod	default constraints	// #nosec G703 -- restores the fixture's own t.TempDir()-derived file	Fixture confined to tests; real credentials/URLs must not enter shipped paths.	under investigation	test helper (callers not individually mapped)	Fast PR Gate root race + golangci; QA root race on main/dispatch	@KidCarmi (default CODEOWNER; no per-site assignee)	none recorded	2026-11-03 (audit follow-up, not exception extension)	Fixture confinement not individually reverified; standalone gosec excludes tests, golangci may include them.
retained	gosec + golangci/gosec	G703	cmd/rootshard/e2e_test.go	442	442	unusableProfile	root go.mod	default constraints	// #nosec G703 -- restores the fixture's own t.TempDir()-derived file	Fixture confined to tests; real credentials/URLs must not enter shipped paths.	under investigation	test helper (callers not individually mapped)	Fast PR Gate root race + golangci; QA root race on main/dispatch	@KidCarmi (default CODEOWNER; no per-site assignee)	none recorded	2026-11-03 (audit follow-up, not exception extension)	Fixture confinement not individually reverified; standalone gosec excludes tests, golangci may include them.
retained	gosec + golangci/gosec	G703	cmd/rootshard/e2e_test.go	452	452	unusableProfile	root go.mod	default constraints	// #nosec G703 -- test rewrites its own t.TempDir()-derived evidence file	Fixture confined to tests; real credentials/URLs must not enter shipped paths.	under investigation	test helper (callers not individually mapped)	Fast PR Gate root race + golangci; QA root race on main/dispatch	@KidCarmi (default CODEOWNER; no per-site assignee)	none recorded	2026-11-03 (audit follow-up, not exception extension)	Fixture confinement not individually reverified; standalone gosec excludes tests, golangci may include them.
retained	gosec + golangci/gosec	G703	cmd/rootshard/e2e_test.go	455	455	unusableProfile	root go.mod	default constraints	// #nosec G703 -- restores the fixture's own t.TempDir()-derived file	Fixture confined to tests; real credentials/URLs must not enter shipped paths.	under investigation	test helper (callers not individually mapped)	Fast PR Gate root race + golangci; QA root race on main/dispatch	@KidCarmi (default CODEOWNER; no per-site assignee)	none recorded	2026-11-03 (audit follow-up, not exception extension)	Fixture confinement not individually reverified; standalone gosec excludes tests, golangci may include them.
retained	gosec + golangci/gosec	G703	cmd/rootshard/e2e_test.go	457	457	unusableProfile	root go.mod	default constraints	// #nosec G703 -- test rewrites its own t.TempDir()-derived profile	Fixture confined to tests; real credentials/URLs must not enter shipped paths.	under investigation	test helper (callers not individually mapped)	Fast PR Gate root race + golangci; QA root race on main/dispatch	@KidCarmi (default CODEOWNER; no per-site assignee)	none recorded	2026-11-03 (audit follow-up, not exception extension)	Fixture confinement not individually reverified; standalone gosec excludes tests, golangci may include them.
retained	gosec + golangci/gosec	G204	cmd/rootshard/execute.go	105	105	cmdBuild	root go.mod	default constraints	// #nosec G204 -- fixed go subcommand; the only variable is our own output path.	See verbatim annotation; path ownership, reachable inputs and supported configuration require verification.	under investigation	annotation only; no protection verified per-site in this audit	Fast PR Gate root race + golangci; QA root race on main/dispatch	@KidCarmi (default CODEOWNER; no per-site assignee)	none recorded	2026-11-03 (audit follow-up, not exception extension)	Retain pending boundary/control review; reason is not proof. Run unfiltered advisory and triage per site.
retained	gosec + golangci/gosec	G204	cmd/rootshard/execute.go	153	153	listAndMeasure	root go.mod	default constraints	// #nosec G204 -- runs the binary this command just compiled.	See verbatim annotation; path ownership, reachable inputs and supported configuration require verification.	under investigation	annotation only; no protection verified per-site in this audit	Fast PR Gate root race + golangci; QA root race on main/dispatch	@KidCarmi (default CODEOWNER; no per-site assignee)	none recorded	2026-11-03 (audit follow-up, not exception extension)	Retain pending boundary/control review; reason is not proof. Run unfiltered advisory and triage per site.
retained	gosec + golangci/gosec	G204	cmd/rootshard/execute.go	204	204	listEntries	root go.mod	default constraints	// #nosec G204 -- the prebuilt test binary with a verified selection pattern.	See verbatim annotation; path ownership, reachable inputs and supported configuration require verification.	under investigation	annotation only; no protection verified per-site in this audit	Fast PR Gate root race + golangci; QA root race on main/dispatch	@KidCarmi (default CODEOWNER; no per-site assignee)	none recorded	2026-11-03 (audit follow-up, not exception extension)	Retain pending boundary/control review; reason is not proof. Run unfiltered advisory and triage per site.
retained	gosec + golangci/gosec	G204	cmd/rootshard/execute.go	391	391	stream	root go.mod	default constraints	// #nosec G204 -- the verified prebuilt test binary; args are built above.	See verbatim annotation; path ownership, reachable inputs and supported configuration require verification.	under investigation	annotation only; no protection verified per-site in this audit	Fast PR Gate root race + golangci; QA root race on main/dispatch	@KidCarmi (default CODEOWNER; no per-site assignee)	none recorded	2026-11-03 (audit follow-up, not exception extension)	Retain pending boundary/control review; reason is not proof. Run unfiltered advisory and triage per site.
retained	gosec + golangci/gosec	G204	cmd/rootshard/execute.go	403	403	stream	root go.mod	default constraints	// #nosec G204 -- fixed go subcommand.	See verbatim annotation; path ownership, reachable inputs and supported configuration require verification.	under investigation	annotation only; no protection verified per-site in this audit	Fast PR Gate root race + golangci; QA root race on main/dispatch	@KidCarmi (default CODEOWNER; no per-site assignee)	none recorded	2026-11-03 (audit follow-up, not exception extension)	Retain pending boundary/control review; reason is not proof. Run unfiltered advisory and triage per site.
retained	gosec + golangci/gosec	G204	cmd/rootshard/execute.go	652	652	runPackageSet	root go.mod	default constraints	// #nosec G204 -- fixed go subcommand over `go list` output.	See verbatim annotation; path ownership, reachable inputs and supported configuration require verification.	under investigation	annotation only; no protection verified per-site in this audit	Fast PR Gate root race + golangci; QA root race on main/dispatch	@KidCarmi (default CODEOWNER; no per-site assignee)	none recorded	2026-11-03 (audit follow-up, not exception extension)	Retain pending boundary/control review; reason is not proof. Run unfiltered advisory and triage per site.
retained	gosec + golangci/gosec	G204	cmd/rootshard/execute.go	694	694	goOutput	root go.mod	default constraints	// #nosec G204 -- fixed go subcommands.	See verbatim annotation; path ownership, reachable inputs and supported configuration require verification.	under investigation	annotation only; no protection verified per-site in this audit	Fast PR Gate root race + golangci; QA root race on main/dispatch	@KidCarmi (default CODEOWNER; no per-site assignee)	none recorded	2026-11-03 (audit follow-up, not exception extension)	Retain pending boundary/control review; reason is not proof. Run unfiltered advisory and triage per site.
retained	gosec + golangci/gosec	G204	cmd/rootshard/inventory.go	60	60	sourceInventory	root go.mod	default constraints	// #nosec G204 -- fixed go subcommand over package paths from `go list`.	See verbatim annotation; path ownership, reachable inputs and supported configuration require verification.	under investigation	annotation only; no protection verified per-site in this audit	Fast PR Gate root race + golangci; QA root race on main/dispatch	@KidCarmi (default CODEOWNER; no per-site assignee)	none recorded	2026-11-03 (audit follow-up, not exception extension)	Retain pending boundary/control review; reason is not proof. Run unfiltered advisory and triage per site.
retained	gosec + golangci/gosec	G703	cmd/rootshard/plan.go	452	452	writeJSON	root go.mod	default constraints	// #nosec G703 -- output path is the operator's own CLI flag; this is a CI tool, not a service	See verbatim annotation; path ownership, reachable inputs and supported configuration require verification.	under investigation	annotation only; no protection verified per-site in this audit	Fast PR Gate root race + golangci; QA root race on main/dispatch	@KidCarmi (default CODEOWNER; no per-site assignee)	none recorded	2026-11-03 (audit follow-up, not exception extension)	Retain pending boundary/control review; reason is not proof. Run unfiltered advisory and triage per site.
retained	gosec + golangci/gosec	G703	coldstart_cabundle_test.go	161	161	TestColdStart_CABundle_EncryptedTruncated	root go.mod	default constraints	// #nosec G703 -- test fixture path from t.TempDir()	Fixture confined to tests; real credentials/URLs must not enter shipped paths.	under investigation	TestColdStart_CABundle_EncryptedTruncated	Fast PR Gate root race + golangci; QA root race on main/dispatch	@KidCarmi (default CODEOWNER; no per-site assignee)	none recorded	2026-11-03 (audit follow-up, not exception extension)	Fixture confinement not individually reverified; standalone gosec excludes tests, golangci may include them.
retained	golangci/gosec only	all rules (no explicit ID)	controlplane_extra_test.go	267	267	TestInitSessionSecretFromConfig_Valid	root go.mod	default constraints	//nolint:gosec // test value	Fixture confined to tests; real credentials/URLs must not enter shipped paths.	under investigation	TestInitSessionSecretFromConfig_Valid	Fast PR Gate root race + golangci; QA root race on main/dispatch	@KidCarmi (default CODEOWNER; no per-site assignee)	none recorded	2026-11-03 (audit follow-up, not exception extension)	Fixture confinement not individually reverified; standalone gosec excludes tests, golangci may include them.
retained	golangci/gosec only	all rules (no explicit ID)	controlplane_extra_test.go	301	301	TestInitSessionSecretFromConfig_TrailingNewline	root go.mod	default constraints	//nolint:gosec // test value	Fixture confined to tests; real credentials/URLs must not enter shipped paths.	under investigation	TestInitSessionSecretFromConfig_TrailingNewline	Fast PR Gate root race + golangci; QA root race on main/dispatch	@KidCarmi (default CODEOWNER; no per-site assignee)	none recorded	2026-11-03 (audit follow-up, not exception extension)	Fixture confinement not individually reverified; standalone gosec excludes tests, golangci may include them.
retained	gosec + golangci/gosec	G304	controlplane_tls.go	38	38	rebuildCPCertPool	root go.mod	default constraints	"// #nosec G304 -- admin CLI flag, "".."" rejected"	See verbatim annotation; path ownership, reachable inputs and supported configuration require verification.	under investigation	annotation only; no protection verified per-site in this audit	Fast PR Gate root race + golangci; QA root race on main/dispatch	@KidCarmi (default CODEOWNER; no per-site assignee)	none recorded	2026-11-03 (audit follow-up, not exception extension)	Retain pending boundary/control review; reason is not proof. Run unfiltered advisory and triage per site.
retained	gosec + golangci/gosec	G304	controlplane_tls.go	139	139	loadCertPool	root go.mod	default constraints	"// #nosec G304 -- admin-provided CLI flag, "".."" rejected above"	See verbatim annotation; path ownership, reachable inputs and supported configuration require verification.	under investigation	annotation only; no protection verified per-site in this audit	Fast PR Gate root race + golangci; QA root race on main/dispatch	@KidCarmi (default CODEOWNER; no per-site assignee)	none recorded	2026-11-03 (audit follow-up, not exception extension)	Retain pending boundary/control review; reason is not proof. Run unfiltered advisory and triage per site.
retained	golangci/gosec only	G304	coverage_isolation_security_test.go	209	209	TestCovIsoSec_InspectionCARecoveryRePersistsLoadedCA	root go.mod	default constraints	//nolint:gosec // G304: test-owned TempDir path	Fixture confined to tests; real credentials/URLs must not enter shipped paths.	under investigation	TestCovIsoSec_InspectionCARecoveryRePersistsLoadedCA	Fast PR Gate root race + golangci; QA root race on main/dispatch	@KidCarmi (default CODEOWNER; no per-site assignee)	none recorded	2026-11-03 (audit follow-up, not exception extension)	Fixture confinement not individually reverified; standalone gosec excludes tests, golangci may include them.
retained	gosec + golangci/gosec	G402	diagnose.go	421	421	file/declaration (inspect attached AST node)	root go.mod	default constraints	// #nosec G402 -- verification is intentionally deferred: this is a diagnostic	See verbatim annotation; path ownership, reachable inputs and supported configuration require verification.	under investigation	annotation only; no protection verified per-site in this audit	Fast PR Gate root race + golangci; QA root race on main/dispatch	@KidCarmi (default CODEOWNER; no per-site assignee)	none recorded	2026-11-03 (audit follow-up, not exception extension)	Retain pending boundary/control review; reason is not proof. Run unfiltered advisory and triage per site.
retained	gosec + golangci/gosec	G304	diagnostics.go	1570	1570	summarizeLatestConfigVersionAt	root go.mod	default constraints	// #nosec G304 -- path built from dir + validated v{N}.json	See verbatim annotation; path ownership, reachable inputs and supported configuration require verification.	under investigation	annotation only; no protection verified per-site in this audit	Fast PR Gate root race + golangci; QA root race on main/dispatch	@KidCarmi (default CODEOWNER; no per-site assignee)	none recorded	2026-11-03 (audit follow-up, not exception extension)	Retain pending boundary/control review; reason is not proof. Run unfiltered advisory and triage per site.
retained	gosec + golangci/gosec	G115	diskusage_unix.go	19	19	diskUsage	root go.mod	!windows	// #nosec G115 -- block size is positive	See verbatim annotation; path ownership, reachable inputs and supported configuration require verification.	under investigation	annotation only; no protection verified per-site in this audit	Fast PR Gate root race + golangci; QA root race on main/dispatch; requires build tag !windows (not assumed in ordinary race lane)	@KidCarmi (default CODEOWNER; no per-site assignee)	none recorded	2026-11-03 (audit follow-up, not exception extension)	Retain pending boundary/control review; reason is not proof. Run unfiltered advisory and triage per site.
retained	gosec + golangci/gosec	G204	docker_compose_ha_join_token_flagvalue_test.go	91	91	runHAProxyCommandScript	root go.mod	default constraints	// #nosec G204 -- script is this repo's own docker-compose.ha.yml content, not external input	Fixture confined to tests; real credentials/URLs must not enter shipped paths.	under investigation	test helper (callers not individually mapped)	Fast PR Gate root race + golangci; QA root race on main/dispatch	@KidCarmi (default CODEOWNER; no per-site assignee)	none recorded	2026-11-03 (audit follow-up, not exception extension)	Fixture confinement not individually reverified; standalone gosec excludes tests, golangci may include them.
retained	gosec + golangci/gosec	G304	docs_adr_numbering_test.go	56	56	TestADRNumberingNoCollisions	root go.mod	default constraints	// #nosec G304 -- fixed, repo-relative doc directories only	Fixture confined to tests; real credentials/URLs must not enter shipped paths.	under investigation	TestADRNumberingNoCollisions	Fast PR Gate root race + golangci; QA root race on main/dispatch	@KidCarmi (default CODEOWNER; no per-site assignee)	none recorded	2026-11-03 (audit follow-up, not exception extension)	Fixture confinement not individually reverified; standalone gosec excludes tests, golangci may include them.
retained	gosec + golangci/gosec	G204	e2e_image_recipe_test.go	361	361	runGuard	root go.mod	default constraints	"// #nosec G204 -- program is the literal ""sh""; the script is the repo's own"	Fixture confined to tests; real credentials/URLs must not enter shipped paths.	under investigation	test helper (callers not individually mapped)	Fast PR Gate root race + golangci; QA root race on main/dispatch	@KidCarmi (default CODEOWNER; no per-site assignee)	none recorded	2026-11-03 (audit follow-up, not exception extension)	Fixture confinement not individually reverified; standalone gosec excludes tests, golangci may include them.
retained	gosec + golangci/gosec	G204	fast_gate_race_shards_test.go	409	409	runClassifier	root go.mod	default constraints	// #nosec G204 -- test-only: the fixed git binary with arguments built in this test.	Fixture confined to tests; real credentials/URLs must not enter shipped paths.	under investigation	test helper (callers not individually mapped)	Fast PR Gate root race + golangci; QA root race on main/dispatch	@KidCarmi (default CODEOWNER; no per-site assignee)	none recorded	2026-11-03 (audit follow-up, not exception extension)	Fixture confinement not individually reverified; standalone gosec excludes tests, golangci may include them.
retained	gosec + golangci/gosec	G204	fast_gate_race_shards_test.go	437	437	runClassifier	root go.mod	default constraints	// #nosec G204 -- test-only: the classifier script shipped in this repo's own workflow, run in a scratch repository.	Fixture confined to tests; real credentials/URLs must not enter shipped paths.	under investigation	test helper (callers not individually mapped)	Fast PR Gate root race + golangci; QA root race on main/dispatch	@KidCarmi (default CODEOWNER; no per-site assignee)	none recorded	2026-11-03 (audit follow-up, not exception extension)	Fixture confinement not individually reverified; standalone gosec excludes tests, golangci may include them.
retained	gosec + golangci/gosec	G304	feeds_gen.go	83	83	loadFeedSourceDataset	root go.mod	default constraints	// #nosec G304 -- CI-configured dataset path	See verbatim annotation; path ownership, reachable inputs and supported configuration require verification.	under investigation	annotation only; no protection verified per-site in this audit	Fast PR Gate root race + golangci; QA root race on main/dispatch	@KidCarmi (default CODEOWNER; no per-site assignee)	none recorded	2026-11-03 (audit follow-up, not exception extension)	Retain pending boundary/control review; reason is not proof. Run unfiltered advisory and triage per site.
retained	gosec + golangci/gosec	G304	feeds_gen.go	317	317	verifyFeedBundleDir	root go.mod	default constraints	// #nosec G304 -- CI-controlled bundle dir	See verbatim annotation; path ownership, reachable inputs and supported configuration require verification.	under investigation	annotation only; no protection verified per-site in this audit	Fast PR Gate root race + golangci; QA root race on main/dispatch	@KidCarmi (default CODEOWNER; no per-site assignee)	none recorded	2026-11-03 (audit follow-up, not exception extension)	Retain pending boundary/control review; reason is not proof. Run unfiltered advisory and triage per site.
retained	gosec + golangci/gosec	G304	feeds_gen.go	333	333	verifyFeedBundleDir	root go.mod	default constraints	// #nosec G304 -- verified bare key	See verbatim annotation; path ownership, reachable inputs and supported configuration require verification.	under investigation	annotation only; no protection verified per-site in this audit	Fast PR Gate root race + golangci; QA root race on main/dispatch	@KidCarmi (default CODEOWNER; no per-site assignee)	none recorded	2026-11-03 (audit follow-up, not exception extension)	Retain pending boundary/control review; reason is not proof. Run unfiltered advisory and triage per site.
retained	gosec + golangci/gosec	G304	feeds_gen.go	337	337	verifyFeedBundleDir	root go.mod	default constraints	// #nosec G304 -- verified bare key	See verbatim annotation; path ownership, reachable inputs and supported configuration require verification.	under investigation	annotation only; no protection verified per-site in this audit	Fast PR Gate root race + golangci; QA root race on main/dispatch	@KidCarmi (default CODEOWNER; no per-site assignee)	none recorded	2026-11-03 (audit follow-up, not exception extension)	Retain pending boundary/control review; reason is not proof. Run unfiltered advisory and triage per site.
retained	gosec + golangci/gosec	G304	fileblock_replaceall_test.go	54	54	TestCL13_ApplyConfigSnapshot_FileBlockExtensions_UsesReplaceAll	root go.mod	default constraints	// #nosec G304 -- test-controlled temp path	Fixture confined to tests; real credentials/URLs must not enter shipped paths.	under investigation	TestCL13_ApplyConfigSnapshot_FileBlockExtensions_UsesReplaceAll	Fast PR Gate root race + golangci; QA root race on main/dispatch	@KidCarmi (default CODEOWNER; no per-site assignee)	none recorded	2026-11-03 (audit follow-up, not exception extension)	Fixture confinement not individually reverified; standalone gosec excludes tests, golangci may include them.
retained	gosec + golangci/gosec	G101	ha_ca3_pr5_test.go	50	50	TestHA_PR5_ApplyReplicatedCA_PersistsEncryptedWhenEnabled	root go.mod	default constraints	// #nosec G101 -- synthetic test fixture; never leaves this test	Fixture confined to tests; real credentials/URLs must not enter shipped paths.	under investigation	TestHA_PR5_ApplyReplicatedCA_PersistsEncryptedWhenEnabled	Fast PR Gate root race + golangci; QA root race on main/dispatch	@KidCarmi (default CODEOWNER; no per-site assignee)	none recorded	2026-11-03 (audit follow-up, not exception extension)	Fixture confinement not individually reverified; standalone gosec excludes tests, golangci may include them.
retained	gosec + golangci/gosec	G101	ha_ca3_pr5_test.go	84	84	TestHA_PR5_ApplyReplicatedCA_PersistsPlaintextWhenDisabled	root go.mod	default constraints	// #nosec G101 -- synthetic test fixture; never leaves this test	Fixture confined to tests; real credentials/URLs must not enter shipped paths.	under investigation	TestHA_PR5_ApplyReplicatedCA_PersistsPlaintextWhenDisabled	Fast PR Gate root race + golangci; QA root race on main/dispatch	@KidCarmi (default CODEOWNER; no per-site assignee)	none recorded	2026-11-03 (audit follow-up, not exception extension)	Fixture confinement not individually reverified; standalone gosec excludes tests, golangci may include them.
retained	gosec + golangci/gosec	G404	ha_lease_recovery.go	487	487	jitterDuration	root go.mod	default constraints	// #nosec G404 -- fleet spread, not crypto	See verbatim annotation; path ownership, reachable inputs and supported configuration require verification.	under investigation	annotation only; no protection verified per-site in this audit	Fast PR Gate root race + golangci; QA root race on main/dispatch	@KidCarmi (default CODEOWNER; no per-site assignee)	none recorded	2026-11-03 (audit follow-up, not exception extension)	Retain pending boundary/control review; reason is not proof. Run unfiltered advisory and triage per site.
retained	gosec + golangci/gosec	G304	ha_lease_recovery_chaos_test.go	762	762	TestChaos55_ResumeBudgetTestsKeepProductionTiming	root go.mod	default constraints	// #nosec G304 -- this package's own source files	Fixture confined to tests; real credentials/URLs must not enter shipped paths.	under investigation	TestChaos55_ResumeBudgetTestsKeepProductionTiming	Fast PR Gate root race + golangci; QA root race on main/dispatch	@KidCarmi (default CODEOWNER; no per-site assignee)	none recorded	2026-11-03 (audit follow-up, not exception extension)	Fixture confinement not individually reverified; standalone gosec excludes tests, golangci may include them.
retained	standalone staticcheck only	SA1019	inspect_h2_drain_test.go	23	23	h2cLoopback	root go.mod	default constraints	//lint:ignore SA1019 temporary compatibility bridge: x/net v0.59 deprecated this x/net/http2 API; kept until the inspected-H2 path migrates to Go's stdlib HTTP/2 APIs.	Fixture confined to tests; real credentials/URLs must not enter shipped paths.	under investigation	test helper (callers not individually mapped)	Fast PR Gate root race + golangci; QA root race on main/dispatch; this marker is not a gosec suppression	@KidCarmi (default CODEOWNER; no per-site assignee)	none recorded	2026-11-03 (audit follow-up, not exception extension)	Fixture confinement not individually reverified; standalone gosec excludes tests, golangci may include them.
retained	standalone staticcheck only	SA1019	inspect_h2_drain_test.go	50	50	h2cLoopback	root go.mod	default constraints	//lint:ignore SA1019 temporary compatibility bridge: x/net v0.59 deprecated this x/net/http2 API; kept until the inspected-H2 path migrates to Go's stdlib HTTP/2 APIs.	Fixture confined to tests; real credentials/URLs must not enter shipped paths.	under investigation	test helper (callers not individually mapped)	Fast PR Gate root race + golangci; QA root race on main/dispatch; this marker is not a gosec suppression	@KidCarmi (default CODEOWNER; no per-site assignee)	none recorded	2026-11-03 (audit follow-up, not exception extension)	Fixture confinement not individually reverified; standalone gosec excludes tests, golangci may include them.
retained	standalone staticcheck only	SA1019	inspect_h2_drain_test.go	52	52	h2cLoopback	root go.mod	default constraints	//lint:ignore SA1019 temporary compatibility bridge: x/net v0.59 deprecated this x/net/http2 API; kept until the inspected-H2 path migrates to Go's stdlib HTTP/2 APIs.	Fixture confined to tests; real credentials/URLs must not enter shipped paths.	under investigation	test helper (callers not individually mapped)	Fast PR Gate root race + golangci; QA root race on main/dispatch; this marker is not a gosec suppression	@KidCarmi (default CODEOWNER; no per-site assignee)	none recorded	2026-11-03 (audit follow-up, not exception extension)	Fixture confinement not individually reverified; standalone gosec excludes tests, golangci may include them.
retained	gosec + golangci/gosec	G402	inspect_h2_e2e_test.go	51	51	connectTLSWithProto	root go.mod	default constraints	// #nosec G402 -- test trusts only the proxy CA	Fixture confined to tests; real credentials/URLs must not enter shipped paths.	under investigation	test helper (callers not individually mapped)	Fast PR Gate root race + golangci; QA root race on main/dispatch	@KidCarmi (default CODEOWNER; no per-site assignee)	none recorded	2026-11-03 (audit follow-up, not exception extension)	Fixture confinement not individually reverified; standalone gosec excludes tests, golangci may include them.
retained	standalone staticcheck only	SA1019	inspect_h2_e2e_test.go	101	101	TestMITM_NativeH2_InspectsAndProxies	root go.mod	default constraints	//lint:ignore SA1019 temporary compatibility bridge: x/net v0.59 deprecated this x/net/http2 API; kept until the inspected-H2 path migrates to Go's stdlib HTTP/2 APIs.	Fixture confined to tests; real credentials/URLs must not enter shipped paths.	under investigation	TestMITM_NativeH2_InspectsAndProxies	Fast PR Gate root race + golangci; QA root race on main/dispatch; this marker is not a gosec suppression	@KidCarmi (default CODEOWNER; no per-site assignee)	none recorded	2026-11-03 (audit follow-up, not exception extension)	Fixture confinement not individually reverified; standalone gosec excludes tests, golangci may include them.
retained	standalone staticcheck only	SA1019	inspect_h2_e2e_test.go	161	161	TestMITM_NativeH2_AttachesDecBlock	root go.mod	default constraints	//lint:ignore SA1019 temporary compatibility bridge: x/net v0.59 deprecated this x/net/http2 API; kept until the inspected-H2 path migrates to Go's stdlib HTTP/2 APIs.	Fixture confined to tests; real credentials/URLs must not enter shipped paths.	under investigation	TestMITM_NativeH2_AttachesDecBlock	Fast PR Gate root race + golangci; QA root race on main/dispatch; this marker is not a gosec suppression	@KidCarmi (default CODEOWNER; no per-site assignee)	none recorded	2026-11-03 (audit follow-up, not exception extension)	Fixture confinement not individually reverified; standalone gosec excludes tests, golangci may include them.
retained	standalone staticcheck only	SA1019	inspect_h2_e2e_test.go	225	225	TestMITM_NativeH2_BlocksFileDownload	root go.mod	default constraints	//lint:ignore SA1019 temporary compatibility bridge: x/net v0.59 deprecated this x/net/http2 API; kept until the inspected-H2 path migrates to Go's stdlib HTTP/2 APIs.	Fixture confined to tests; real credentials/URLs must not enter shipped paths.	under investigation	TestMITM_NativeH2_BlocksFileDownload	Fast PR Gate root race + golangci; QA root race on main/dispatch; this marker is not a gosec suppression	@KidCarmi (default CODEOWNER; no per-site assignee)	none recorded	2026-11-03 (audit follow-up, not exception extension)	Fixture confinement not individually reverified; standalone gosec excludes tests, golangci may include them.
retained	standalone staticcheck only	SA1019	inspect_h2_e2e_test.go	311	311	nativeH2ClientConn	root go.mod	default constraints	//lint:ignore SA1019 temporary compatibility bridge: x/net v0.59 deprecated this x/net/http2 API; kept until the inspected-H2 path migrates to Go's stdlib HTTP/2 APIs.	Fixture confined to tests; real credentials/URLs must not enter shipped paths.	under investigation	test helper (callers not individually mapped)	Fast PR Gate root race + golangci; QA root race on main/dispatch; this marker is not a gosec suppression	@KidCarmi (default CODEOWNER; no per-site assignee)	none recorded	2026-11-03 (audit follow-up, not exception extension)	Fixture confinement not individually reverified; standalone gosec excludes tests, golangci may include them.
retained	standalone staticcheck only	SA1019	inspect_h2_e2e_test.go	326	326	nativeH2ClientConn	root go.mod	default constraints	//lint:ignore SA1019 temporary compatibility bridge: x/net v0.59 deprecated this x/net/http2 API; kept until the inspected-H2 path migrates to Go's stdlib HTTP/2 APIs.	Fixture confined to tests; real credentials/URLs must not enter shipped paths.	under investigation	test helper (callers not individually mapped)	Fast PR Gate root race + golangci; QA root race on main/dispatch; this marker is not a gosec suppression	@KidCarmi (default CODEOWNER; no per-site assignee)	none recorded	2026-11-03 (audit follow-up, not exception extension)	Fixture confinement not individually reverified; standalone gosec excludes tests, golangci may include them.
retained	golangci/gosec only	all rules (no explicit ID)	install_script_agent_ancestors_traversable_test.go	84	84	runAgentAncestorsTraversable	root go.mod	default constraints	//nolint:gosec // fixed script, path is a test tempdir	Fixture confined to tests; real credentials/URLs must not enter shipped paths.	under investigation	test helper (callers not individually mapped)	Fast PR Gate root race + golangci; QA root race on main/dispatch	@KidCarmi (default CODEOWNER; no per-site assignee)	none recorded	2026-11-03 (audit follow-up, not exception extension)	Fixture confinement not individually reverified; standalone gosec excludes tests, golangci may include them.
retained	golangci/gosec only	all rules (no explicit ID)	install_script_agent_ancestors_traversable_test.go	187	187	TestInstallScript_AgentAncestorsTraversable_RelativePathDoesNotHang	root go.mod	default constraints	//nolint:gosec // fixed script, path is a test tempdir	Fixture confined to tests; real credentials/URLs must not enter shipped paths.	under investigation	TestInstallScript_AgentAncestorsTraversable_RelativePathDoesNotHang	Fast PR Gate root race + golangci; QA root race on main/dispatch	@KidCarmi (default CODEOWNER; no per-site assignee)	none recorded	2026-11-03 (audit follow-up, not exception extension)	Fixture confinement not individually reverified; standalone gosec excludes tests, golangci may include them.
retained	golangci/gosec only	all rules (no explicit ID)	install_script_agent_ancestors_traversable_test.go	267	267	TestInstallScript_AgentAncestorsTraversable_RealCallOrder_DoesNotDoubleCountLeaf	root go.mod	default constraints	//nolint:gosec // fixed script, path is a test tempdir	Fixture confined to tests; real credentials/URLs must not enter shipped paths.	under investigation	TestInstallScript_AgentAncestorsTraversable_RealCallOrder_DoesNotDoubleCountLeaf	Fast PR Gate root race + golangci; QA root race on main/dispatch	@KidCarmi (default CODEOWNER; no per-site assignee)	none recorded	2026-11-03 (audit follow-up, not exception extension)	Fixture confinement not individually reverified; standalone gosec excludes tests, golangci may include them.
retained	gosec + golangci/gosec	G204	install_script_compose_command_flags_scope_test.go	92	92	runComposeCommandFlags	root go.mod	default constraints	// #nosec G204 -- fixed test script content, not external/user input	Fixture confined to tests; real credentials/URLs must not enter shipped paths.	under investigation	test helper (callers not individually mapped)	Fast PR Gate root race + golangci; QA root race on main/dispatch	@KidCarmi (default CODEOWNER; no per-site assignee)	none recorded	2026-11-03 (audit follow-up, not exception extension)	Fixture confinement not individually reverified; standalone gosec excludes tests, golangci may include them.
retained	gosec + golangci/gosec	G204	install_script_compose_command_flags_scope_test.go	115	115	runMissingComposeFlags	root go.mod	default constraints	// #nosec G204 -- fixed test script content, not external/user input	Fixture confined to tests; real credentials/URLs must not enter shipped paths.	under investigation	test helper (callers not individually mapped)	Fast PR Gate root race + golangci; QA root race on main/dispatch	@KidCarmi (default CODEOWNER; no per-site assignee)	none recorded	2026-11-03 (audit follow-up, not exception extension)	Fixture confinement not individually reverified; standalone gosec excludes tests, golangci may include them.
retained	golangci/gosec only	all rules (no explicit ID)	install_script_compose_command_flags_scope_test.go	130	130	TestInstallScript_ComposeCommandFlags_ScopedToProxyService	root go.mod	default constraints	//nolint:gosec // test fixture, not sensitive	Fixture confined to tests; real credentials/URLs must not enter shipped paths.	under investigation	TestInstallScript_ComposeCommandFlags_ScopedToProxyService	Fast PR Gate root race + golangci; QA root race on main/dispatch	@KidCarmi (default CODEOWNER; no per-site assignee)	none recorded	2026-11-03 (audit follow-up, not exception extension)	Fixture confinement not individually reverified; standalone gosec excludes tests, golangci may include them.
retained	golangci/gosec only	all rules (no explicit ID)	install_script_compose_command_flags_scope_test.go	167	167	TestInstallScript_MissingComposeFlags_IgnoresNonProxyServiceFlags	root go.mod	default constraints	//nolint:gosec // test fixture, not sensitive	Fixture confined to tests; real credentials/URLs must not enter shipped paths.	under investigation	TestInstallScript_MissingComposeFlags_IgnoresNonProxyServiceFlags	Fast PR Gate root race + golangci; QA root race on main/dispatch	@KidCarmi (default CODEOWNER; no per-site assignee)	none recorded	2026-11-03 (audit follow-up, not exception extension)	Fixture confinement not individually reverified; standalone gosec excludes tests, golangci may include them.
retained	golangci/gosec only	all rules (no explicit ID)	install_script_compose_command_flags_scope_test.go	193	193	TestInstallScript_ComposeCommandFlags_RecognizesAnchoredProxyHeader	root go.mod	default constraints	//nolint:gosec // test fixture, not sensitive	Fixture confined to tests; real credentials/URLs must not enter shipped paths.	under investigation	TestInstallScript_ComposeCommandFlags_RecognizesAnchoredProxyHeader	Fast PR Gate root race + golangci; QA root race on main/dispatch	@KidCarmi (default CODEOWNER; no per-site assignee)	none recorded	2026-11-03 (audit follow-up, not exception extension)	Fixture confinement not individually reverified; standalone gosec excludes tests, golangci may include them.
retained	gosec + golangci/gosec	G204	install_script_compose_up_fallback_test.go	84	84	TestInstallScript_ComposeUpFallback_DoesNotDeclareSuccessOnUnhealthyProxy	root go.mod	default constraints	// #nosec G204 -- fixed test script content, not external/user input	Fixture confined to tests; real credentials/URLs must not enter shipped paths.	under investigation	TestInstallScript_ComposeUpFallback_DoesNotDeclareSuccessOnUnhealthyProxy	Fast PR Gate root race + golangci; QA root race on main/dispatch	@KidCarmi (default CODEOWNER; no per-site assignee)	none recorded	2026-11-03 (audit follow-up, not exception extension)	Fixture confinement not individually reverified; standalone gosec excludes tests, golangci may include them.
retained	gosec + golangci/gosec	G204	install_script_compose_up_fallback_test.go	116	116	TestInstallScript_ComposeUpFallback_DeclaresSuccessOnceProxyIsHealthy	root go.mod	default constraints	// #nosec G204 -- fixed test script content, not external/user input	Fixture confined to tests; real credentials/URLs must not enter shipped paths.	under investigation	TestInstallScript_ComposeUpFallback_DeclaresSuccessOnceProxyIsHealthy	Fast PR Gate root race + golangci; QA root race on main/dispatch	@KidCarmi (default CODEOWNER; no per-site assignee)	none recorded	2026-11-03 (audit follow-up, not exception extension)	Fixture confinement not individually reverified; standalone gosec excludes tests, golangci may include them.
retained	gosec + golangci/gosec	G204	install_script_env_put_test.go	58	58	runShellScript	root go.mod	default constraints	// #nosec G204 -- fixed test script content, not external/user input	Fixture confined to tests; real credentials/URLs must not enter shipped paths.	under investigation	test helper (callers not individually mapped)	Fast PR Gate root race + golangci; QA root race on main/dispatch	@KidCarmi (default CODEOWNER; no per-site assignee)	none recorded	2026-11-03 (audit follow-up, not exception extension)	Fixture confinement not individually reverified; standalone gosec excludes tests, golangci may include them.
retained	gosec + golangci/gosec	G204	install_script_env_put_test.go	148	148	runEnvPutProcess	root go.mod	default constraints	// #nosec G204 -- fixed test script content, not external/user input	Fixture confined to tests; real credentials/URLs must not enter shipped paths.	under investigation	test helper (callers not individually mapped)	Fast PR Gate root race + golangci; QA root race on main/dispatch	@KidCarmi (default CODEOWNER; no per-site assignee)	none recorded	2026-11-03 (audit follow-up, not exception extension)	Fixture confinement not individually reverified; standalone gosec excludes tests, golangci may include them.
retained	gosec + golangci/gosec	G204	install_script_extract_toml_string_test.go	74	74	runExtractTomlString	root go.mod	default constraints	// #nosec G204 -- fixed test script content, not external/user input	Fixture confined to tests; real credentials/URLs must not enter shipped paths.	under investigation	test helper (callers not individually mapped)	Fast PR Gate root race + golangci; QA root race on main/dispatch	@KidCarmi (default CODEOWNER; no per-site assignee)	none recorded	2026-11-03 (audit follow-up, not exception extension)	Fixture confinement not individually reverified; standalone gosec excludes tests, golangci may include them.
retained	gosec + golangci/gosec	G204	install_script_gen_passphrase_validation_test.go	60	60	runGenPassphrase	root go.mod	default constraints	// #nosec G204 -- fixed test script content, not external/user input	Fixture confined to tests; real credentials/URLs must not enter shipped paths.	under investigation	test helper (callers not individually mapped)	Fast PR Gate root race + golangci; QA root race on main/dispatch	@KidCarmi (default CODEOWNER; no per-site assignee)	none recorded	2026-11-03 (audit follow-up, not exception extension)	Fixture confinement not individually reverified; standalone gosec excludes tests, golangci may include them.
retained	gosec + golangci/gosec	G204	install_script_gen_passphrase_validation_test.go	131	131	runSetupAtRestEncryptionAutoGenerate	root go.mod	default constraints	// #nosec G204 -- fixed test script content, not external/user input	Fixture confined to tests; real credentials/URLs must not enter shipped paths.	under investigation	test helper (callers not individually mapped)	Fast PR Gate root race + golangci; QA root race on main/dispatch	@KidCarmi (default CODEOWNER; no per-site assignee)	none recorded	2026-11-03 (audit follow-up, not exception extension)	Fixture confinement not individually reverified; standalone gosec excludes tests, golangci may include them.
retained	golangci/gosec only	all rules (no explicit ID)	install_script_heal_maint_proxy_repo_test.go	68	68	runHealMaintProxyRepo	root go.mod	default constraints	//nolint:gosec // test fixture, not sensitive	Fixture confined to tests; real credentials/URLs must not enter shipped paths.	under investigation	test helper (callers not individually mapped)	Fast PR Gate root race + golangci; QA root race on main/dispatch	@KidCarmi (default CODEOWNER; no per-site assignee)	none recorded	2026-11-03 (audit follow-up, not exception extension)	Fixture confinement not individually reverified; standalone gosec excludes tests, golangci may include them.
retained	gosec + golangci/gosec	G204	install_script_heal_maint_proxy_repo_test.go	76	76	runHealMaintProxyRepo	root go.mod	default constraints	// #nosec G204 -- fixed test script content, not external/user input	Fixture confined to tests; real credentials/URLs must not enter shipped paths.	under investigation	test helper (callers not individually mapped)	Fast PR Gate root race + golangci; QA root race on main/dispatch	@KidCarmi (default CODEOWNER; no per-site assignee)	none recorded	2026-11-03 (audit follow-up, not exception extension)	Fixture confinement not individually reverified; standalone gosec excludes tests, golangci may include them.
retained	golangci/gosec only	all rules (no explicit ID)	install_script_heal_maint_proxy_repo_test.go	151	151	TestInstallScript_HealMaintProxyRepo_FixesTheWiringMismatch	root go.mod	default constraints	//nolint:gosec // test fixture	Fixture confined to tests; real credentials/URLs must not enter shipped paths.	under investigation	TestInstallScript_HealMaintProxyRepo_FixesTheWiringMismatch	Fast PR Gate root race + golangci; QA root race on main/dispatch	@KidCarmi (default CODEOWNER; no per-site assignee)	none recorded	2026-11-03 (audit follow-up, not exception extension)	Fixture confinement not individually reverified; standalone gosec excludes tests, golangci may include them.
retained	gosec + golangci/gosec	G204	install_script_heal_maint_proxy_repo_test.go	171	171	TestInstallScript_HealMaintProxyRepo_FixesTheWiringMismatch	root go.mod	default constraints	// #nosec G204 -- fixed test script content	Fixture confined to tests; real credentials/URLs must not enter shipped paths.	under investigation	TestInstallScript_HealMaintProxyRepo_FixesTheWiringMismatch	Fast PR Gate root race + golangci; QA root race on main/dispatch	@KidCarmi (default CODEOWNER; no per-site assignee)	none recorded	2026-11-03 (audit follow-up, not exception extension)	Fixture confinement not individually reverified; standalone gosec excludes tests, golangci may include them.
retained	gosec + golangci/gosec	G204	install_script_heal_maint_proxy_repo_test.go	188	188	TestInstallScript_HealMaintProxyRepo_FixesTheWiringMismatch	root go.mod	default constraints	// #nosec G204 -- fixed test script content	Fixture confined to tests; real credentials/URLs must not enter shipped paths.	under investigation	TestInstallScript_HealMaintProxyRepo_FixesTheWiringMismatch	Fast PR Gate root race + golangci; QA root race on main/dispatch	@KidCarmi (default CODEOWNER; no per-site assignee)	none recorded	2026-11-03 (audit follow-up, not exception extension)	Fixture confinement not individually reverified; standalone gosec excludes tests, golangci may include them.
retained	gosec + golangci/gosec	G204	install_script_heal_maint_proxy_repo_test.go	238	238	regexMatches	root go.mod	default constraints	// #nosec G204 -- fixed pattern built from test-local strings	Fixture confined to tests; real credentials/URLs must not enter shipped paths.	under investigation	test helper (callers not individually mapped)	Fast PR Gate root race + golangci; QA root race on main/dispatch	@KidCarmi (default CODEOWNER; no per-site assignee)	none recorded	2026-11-03 (audit follow-up, not exception extension)	Fixture confinement not individually reverified; standalone gosec excludes tests, golangci may include them.
retained	golangci/gosec only	all rules (no explicit ID)	install_script_is_fresh_deployment_test.go	57	57	ensureFixtureImage	root go.mod	default constraints	//nolint:gosec // fixed script, not external/user input	Fixture confined to tests; real credentials/URLs must not enter shipped paths.	under investigation	test helper (callers not individually mapped)	Fast PR Gate root race + golangci; QA root race on main/dispatch	@KidCarmi (default CODEOWNER; no per-site assignee)	none recorded	2026-11-03 (audit follow-up, not exception extension)	Fixture confinement not individually reverified; standalone gosec excludes tests, golangci may include them.
retained	golangci/gosec only	all rules (no explicit ID)	install_script_is_fresh_deployment_test.go	97	97	writeFixtureCompose	root go.mod	default constraints	//nolint:gosec // test fixture, not sensitive	Fixture confined to tests; real credentials/URLs must not enter shipped paths.	under investigation	test helper (callers not individually mapped)	Fast PR Gate root race + golangci; QA root race on main/dispatch	@KidCarmi (default CODEOWNER; no per-site assignee)	none recorded	2026-11-03 (audit follow-up, not exception extension)	Fixture confinement not individually reverified; standalone gosec excludes tests, golangci may include them.
retained	golangci/gosec only	all rules (no explicit ID)	install_script_is_fresh_deployment_test.go	133	133	runIsFreshDeployment	root go.mod	default constraints	//nolint:gosec // fixed test script content, not external/user input	Fixture confined to tests; real credentials/URLs must not enter shipped paths.	under investigation	test helper (callers not individually mapped)	Fast PR Gate root race + golangci; QA root race on main/dispatch	@KidCarmi (default CODEOWNER; no per-site assignee)	none recorded	2026-11-03 (audit follow-up, not exception extension)	Fixture confinement not individually reverified; standalone gosec excludes tests, golangci may include them.
retained	gosec + golangci/gosec	G204	install_script_maint_proxy_repo_allowlist_test.go	63	63	runCheckProxyRepoMatchesAllowlist	root go.mod	default constraints	// #nosec G204 -- fixed test script content, not external/user input	Fixture confined to tests; real credentials/URLs must not enter shipped paths.	under investigation	test helper (callers not individually mapped)	Fast PR Gate root race + golangci; QA root race on main/dispatch	@KidCarmi (default CODEOWNER; no per-site assignee)	none recorded	2026-11-03 (audit follow-up, not exception extension)	Fixture confinement not individually reverified; standalone gosec excludes tests, golangci may include them.
retained	golangci/gosec only	all rules (no explicit ID)	install_script_maint_sudoers_comma_test.go	51	51	TestCulvertMaintInstall_SudoersRender_ComposeProjectDirEscapesComma	root go.mod	default constraints	//nolint:gosec // test reads a path its own render script just wrote	Fixture confined to tests; real credentials/URLs must not enter shipped paths.	under investigation	TestCulvertMaintInstall_SudoersRender_ComposeProjectDirEscapesComma	Fast PR Gate root race + golangci; QA root race on main/dispatch	@KidCarmi (default CODEOWNER; no per-site assignee)	none recorded	2026-11-03 (audit follow-up, not exception extension)	Fixture confinement not individually reverified; standalone gosec excludes tests, golangci may include them.
retained	gosec + golangci/gosec	G204	install_script_maint_sudoers_comma_test.go	59	59	TestCulvertMaintInstall_SudoersRender_ComposeProjectDirEscapesComma	root go.mod	default constraints	// #nosec G204 -- fixed argv; `rendered` is a temp path this test wrote	Fixture confined to tests; real credentials/URLs must not enter shipped paths.	under investigation	TestCulvertMaintInstall_SudoersRender_ComposeProjectDirEscapesComma	Fast PR Gate root race + golangci; QA root race on main/dispatch	@KidCarmi (default CODEOWNER; no per-site assignee)	none recorded	2026-11-03 (audit follow-up, not exception extension)	Fixture confinement not individually reverified; standalone gosec excludes tests, golangci may include them.
retained	gosec + golangci/gosec	G204	install_script_maint_sudoers_compose_path_colon_test.go	86	86	renderMaintSudoersForComposeDir	root go.mod	default constraints	// #nosec G204 -- fixed test script content, not external/user input	Fixture confined to tests; real credentials/URLs must not enter shipped paths.	under investigation	test helper (callers not individually mapped)	Fast PR Gate root race + golangci; QA root race on main/dispatch	@KidCarmi (default CODEOWNER; no per-site assignee)	none recorded	2026-11-03 (audit follow-up, not exception extension)	Fixture confinement not individually reverified; standalone gosec excludes tests, golangci may include them.
retained	golangci/gosec only	all rules (no explicit ID)	install_script_maint_sudoers_compose_path_colon_test.go	109	109	TestCulvertMaintInstall_SudoersRender_ComposeProjectDirEscapesColon	root go.mod	default constraints	//nolint:gosec // test reads a path its own render script just wrote	Fixture confined to tests; real credentials/URLs must not enter shipped paths.	under investigation	TestCulvertMaintInstall_SudoersRender_ComposeProjectDirEscapesColon	Fast PR Gate root race + golangci; QA root race on main/dispatch	@KidCarmi (default CODEOWNER; no per-site assignee)	none recorded	2026-11-03 (audit follow-up, not exception extension)	Fixture confinement not individually reverified; standalone gosec excludes tests, golangci may include them.
retained	gosec + golangci/gosec	G204	install_script_maint_sudoers_compose_path_colon_test.go	117	117	TestCulvertMaintInstall_SudoersRender_ComposeProjectDirEscapesColon	root go.mod	default constraints	// #nosec G204 -- fixed argv; `rendered` is a temp path this test wrote	Fixture confined to tests; real credentials/URLs must not enter shipped paths.	under investigation	TestCulvertMaintInstall_SudoersRender_ComposeProjectDirEscapesColon	Fast PR Gate root race + golangci; QA root race on main/dispatch	@KidCarmi (default CODEOWNER; no per-site assignee)	none recorded	2026-11-03 (audit follow-up, not exception extension)	Fixture confinement not individually reverified; standalone gosec excludes tests, golangci may include them.
retained	gosec + golangci/gosec	G204	install_script_maint_sudoers_compose_path_colon_test.go	131	131	TestCulvertMaintInstall_SudoersRender_ComposeProjectDirNoColonStillValid	root go.mod	default constraints	// #nosec G204 -- fixed argv; `rendered` is a temp path this test wrote	Fixture confined to tests; real credentials/URLs must not enter shipped paths.	under investigation	TestCulvertMaintInstall_SudoersRender_ComposeProjectDirNoColonStillValid	Fast PR Gate root race + golangci; QA root race on main/dispatch	@KidCarmi (default CODEOWNER; no per-site assignee)	none recorded	2026-11-03 (audit follow-up, not exception extension)	Fixture confinement not individually reverified; standalone gosec excludes tests, golangci may include them.
retained	gosec + golangci/gosec	G204	install_script_maint_sudoers_render_test.go	60	60	renderMaintSudoers	root go.mod	default constraints	// #nosec G204 -- fixed test script content, not external/user input	Fixture confined to tests; real credentials/URLs must not enter shipped paths.	under investigation	test helper (callers not individually mapped)	Fast PR Gate root race + golangci; QA root race on main/dispatch	@KidCarmi (default CODEOWNER; no per-site assignee)	none recorded	2026-11-03 (audit follow-up, not exception extension)	Fixture confinement not individually reverified; standalone gosec excludes tests, golangci may include them.
retained	golangci/gosec only	all rules (no explicit ID)	install_script_maint_sudoers_render_test.go	71	71	pullTagLines	root go.mod	default constraints	//nolint:gosec // test reads a path it just wrote	Fixture confined to tests; real credentials/URLs must not enter shipped paths.	under investigation	test helper (callers not individually mapped)	Fast PR Gate root race + golangci; QA root race on main/dispatch	@KidCarmi (default CODEOWNER; no per-site assignee)	none recorded	2026-11-03 (audit follow-up, not exception extension)	Fixture confinement not individually reverified; standalone gosec excludes tests, golangci may include them.
retained	gosec + golangci/gosec	G204	install_script_maint_sudoers_render_test.go	108	108	TestCulvertMaintInstall_SudoersRender_PortedRepoEscapesColon	root go.mod	default constraints	// #nosec G204 -- fixed argv; `rendered` is a temp path this test wrote	Fixture confined to tests; real credentials/URLs must not enter shipped paths.	under investigation	TestCulvertMaintInstall_SudoersRender_PortedRepoEscapesColon	Fast PR Gate root race + golangci; QA root race on main/dispatch	@KidCarmi (default CODEOWNER; no per-site assignee)	none recorded	2026-11-03 (audit follow-up, not exception extension)	Fixture confinement not individually reverified; standalone gosec excludes tests, golangci may include them.
retained	gosec + golangci/gosec	G204	install_script_maint_sudoers_render_test.go	131	131	TestCulvertMaintInstall_SudoersRender_DefaultRepoStillValid	root go.mod	default constraints	// #nosec G204 -- fixed argv; `rendered` is a temp path this test wrote	Fixture confined to tests; real credentials/URLs must not enter shipped paths.	under investigation	TestCulvertMaintInstall_SudoersRender_DefaultRepoStillValid	Fast PR Gate root race + golangci; QA root race on main/dispatch	@KidCarmi (default CODEOWNER; no per-site assignee)	none recorded	2026-11-03 (audit follow-up, not exception extension)	Fixture confinement not individually reverified; standalone gosec excludes tests, golangci may include them.
retained	golangci/gosec only	all rules (no explicit ID)	install_script_maint_toml_string_test.go	49	49	runMaintTomlString	root go.mod	default constraints	//nolint:gosec // test fixture, not sensitive	Fixture confined to tests; real credentials/URLs must not enter shipped paths.	under investigation	test helper (callers not individually mapped)	Fast PR Gate root race + golangci; QA root race on main/dispatch	@KidCarmi (default CODEOWNER; no per-site assignee)	none recorded	2026-11-03 (audit follow-up, not exception extension)	Fixture confinement not individually reverified; standalone gosec excludes tests, golangci may include them.
retained	gosec + golangci/gosec	G204	install_script_maint_toml_string_test.go	54	54	runMaintTomlString	root go.mod	default constraints	// #nosec G204 -- fixed test script content, not external/user input	Fixture confined to tests; real credentials/URLs must not enter shipped paths.	under investigation	test helper (callers not individually mapped)	Fast PR Gate root race + golangci; QA root race on main/dispatch	@KidCarmi (default CODEOWNER; no per-site assignee)	none recorded	2026-11-03 (audit follow-up, not exception extension)	Fixture confinement not individually reverified; standalone gosec excludes tests, golangci may include them.
retained	golangci/gosec only	all rules (no explicit ID)	install_script_patch_allow_peers_test.go	39	39	runPatchAllowPeers	root go.mod	default constraints	//nolint:gosec // test fixture, not sensitive	Fixture confined to tests; real credentials/URLs must not enter shipped paths.	under investigation	test helper (callers not individually mapped)	Fast PR Gate root race + golangci; QA root race on main/dispatch	@KidCarmi (default CODEOWNER; no per-site assignee)	none recorded	2026-11-03 (audit follow-up, not exception extension)	Fixture confinement not individually reverified; standalone gosec excludes tests, golangci may include them.
retained	gosec + golangci/gosec	G204	install_script_patch_allow_peers_test.go	65	65	runPatchAllowPeers	root go.mod	default constraints	// #nosec G204 -- fixed test script content, not external/user input	Fixture confined to tests; real credentials/URLs must not enter shipped paths.	under investigation	test helper (callers not individually mapped)	Fast PR Gate root race + golangci; QA root race on main/dispatch	@KidCarmi (default CODEOWNER; no per-site assignee)	none recorded	2026-11-03 (audit follow-up, not exception extension)	Fixture confinement not individually reverified; standalone gosec excludes tests, golangci may include them.
retained	gosec + golangci/gosec	G204	install_script_session_secret_host_env_test.go	57	57	runPersistHostEnvSessionSecret	root go.mod	default constraints	// #nosec G204 -- fixed test script content, not external/user input	Fixture confined to tests; real credentials/URLs must not enter shipped paths.	under investigation	test helper (callers not individually mapped)	Fast PR Gate root race + golangci; QA root race on main/dispatch	@KidCarmi (default CODEOWNER; no per-site assignee)	none recorded	2026-11-03 (audit follow-up, not exception extension)	Fixture confinement not individually reverified; standalone gosec excludes tests, golangci may include them.
retained	gosec + golangci/gosec	G204	install_script_session_secret_host_env_test.go	95	95	runPersistHostEnvSessionSecretWithStub	root go.mod	default constraints	// #nosec G204 -- fixed test script content, not external/user input	Fixture confined to tests; real credentials/URLs must not enter shipped paths.	under investigation	test helper (callers not individually mapped)	Fast PR Gate root race + golangci; QA root race on main/dispatch	@KidCarmi (default CODEOWNER; no per-site assignee)	none recorded	2026-11-03 (audit follow-up, not exception extension)	Fixture confinement not individually reverified; standalone gosec excludes tests, golangci may include them.
retained	gosec + golangci/gosec	G204	install_script_setup_at_rest_encryption_host_env_test.go	64	64	runSetupAtRestEncryptionWithHostEnv	root go.mod	default constraints	// #nosec G204 -- fixed test script content, not external/user input	Fixture confined to tests; real credentials/URLs must not enter shipped paths.	under investigation	test helper (callers not individually mapped)	Fast PR Gate root race + golangci; QA root race on main/dispatch	@KidCarmi (default CODEOWNER; no per-site assignee)	none recorded	2026-11-03 (audit follow-up, not exception extension)	Fixture confinement not individually reverified; standalone gosec excludes tests, golangci may include them.
retained	gosec + golangci/gosec	G204	install_script_setup_at_rest_encryption_test.go	69	69	runSetupAtRestEncryptionChoice2	root go.mod	default constraints	// #nosec G204 -- fixed test script content, not external/user input	Fixture confined to tests; real credentials/URLs must not enter shipped paths.	under investigation	test helper (callers not individually mapped)	Fast PR Gate root race + golangci; QA root race on main/dispatch	@KidCarmi (default CODEOWNER; no per-site assignee)	none recorded	2026-11-03 (audit follow-up, not exception extension)	Fixture confinement not individually reverified; standalone gosec excludes tests, golangci may include them.
retained	gosec + golangci/gosec	G204	install_script_setup_at_rest_encryption_test.go	160	160	TestInstallScript_SetupAtRestEncryption_FreshDeployWithPriorLogPassphraseStillEncryptsCA	root go.mod	default constraints	// #nosec G204 -- fixed test script content, not external/user input	Fixture confined to tests; real credentials/URLs must not enter shipped paths.	under investigation	TestInstallScript_SetupAtRestEncryption_FreshDeployWithPriorLogPassphraseStillEncryptsCA	Fast PR Gate root race + golangci; QA root race on main/dispatch	@KidCarmi (default CODEOWNER; no per-site assignee)	none recorded	2026-11-03 (audit follow-up, not exception extension)	Fixture confinement not individually reverified; standalone gosec excludes tests, golangci may include them.
retained	gosec + golangci/gosec	G101	install_script_setup_at_rest_encryption_test.go	208	208	TestInstallScript_SetupAtRestEncryption_HostEnvOnlyCAPassphraseIsPersisted	root go.mod	default constraints	// #nosec G101 -- synthetic test fixture; never leaves this test	Fixture confined to tests; real credentials/URLs must not enter shipped paths.	under investigation	TestInstallScript_SetupAtRestEncryption_HostEnvOnlyCAPassphraseIsPersisted	Fast PR Gate root race + golangci; QA root race on main/dispatch	@KidCarmi (default CODEOWNER; no per-site assignee)	none recorded	2026-11-03 (audit follow-up, not exception extension)	Fixture confinement not individually reverified; standalone gosec excludes tests, golangci may include them.
retained	gosec + golangci/gosec	G204	install_script_setup_at_rest_encryption_test.go	220	220	TestInstallScript_SetupAtRestEncryption_HostEnvOnlyCAPassphraseIsPersisted	root go.mod	default constraints	// #nosec G204 -- fixed test script content, not external/user input	Fixture confined to tests; real credentials/URLs must not enter shipped paths.	under investigation	TestInstallScript_SetupAtRestEncryption_HostEnvOnlyCAPassphraseIsPersisted	Fast PR Gate root race + golangci; QA root race on main/dispatch	@KidCarmi (default CODEOWNER; no per-site assignee)	none recorded	2026-11-03 (audit follow-up, not exception extension)	Fixture confinement not individually reverified; standalone gosec excludes tests, golangci may include them.
retained	gosec + golangci/gosec	G204	install_script_setup_at_rest_encryption_test.go	269	269	TestInstallScript_SetupAtRestEncryption_FreshDeployWithUnsafeHostLogPassphraseSkipsCA	root go.mod	default constraints	// #nosec G204 -- fixed test script content, not external/user input	Fixture confined to tests; real credentials/URLs must not enter shipped paths.	under investigation	TestInstallScript_SetupAtRestEncryption_FreshDeployWithUnsafeHostLogPassphraseSkipsCA	Fast PR Gate root race + golangci; QA root race on main/dispatch	@KidCarmi (default CODEOWNER; no per-site assignee)	none recorded	2026-11-03 (audit follow-up, not exception extension)	Fixture confinement not individually reverified; standalone gosec excludes tests, golangci may include them.
retained	gosec + golangci/gosec	G204	install_script_setup_at_rest_encryption_test.go	319	319	TestInstallScript_SetupAtRestEncryption_HostEnvOnlyCAPassphraseWithEmbeddedNewlineRejected	root go.mod	default constraints	// #nosec G204 -- fixed test script content, not external/user input	Fixture confined to tests; real credentials/URLs must not enter shipped paths.	under investigation	TestInstallScript_SetupAtRestEncryption_HostEnvOnlyCAPassphraseWithEmbeddedNewlineRejected	Fast PR Gate root race + golangci; QA root race on main/dispatch	@KidCarmi (default CODEOWNER; no per-site assignee)	none recorded	2026-11-03 (audit follow-up, not exception extension)	Fixture confinement not individually reverified; standalone gosec excludes tests, golangci may include them.
retained	gosec + golangci/gosec	G101	install_script_setup_at_rest_encryption_test.go	369	369	TestInstallScript_SetupAtRestEncryption_ReuseForCAMatchesPersistedLogPassphrase	root go.mod	default constraints	// #nosec G101 -- synthetic test fixture; never leaves this test	Fixture confined to tests; real credentials/URLs must not enter shipped paths.	under investigation	TestInstallScript_SetupAtRestEncryption_ReuseForCAMatchesPersistedLogPassphrase	Fast PR Gate root race + golangci; QA root race on main/dispatch	@KidCarmi (default CODEOWNER; no per-site assignee)	none recorded	2026-11-03 (audit follow-up, not exception extension)	Fixture confinement not individually reverified; standalone gosec excludes tests, golangci may include them.
retained	gosec + golangci/gosec	G101	install_script_setup_at_rest_encryption_test.go	370	370	TestInstallScript_SetupAtRestEncryption_ReuseForCAMatchesPersistedLogPassphrase	root go.mod	default constraints	// #nosec G101 -- synthetic test fixture; never leaves this test	Fixture confined to tests; real credentials/URLs must not enter shipped paths.	under investigation	TestInstallScript_SetupAtRestEncryption_ReuseForCAMatchesPersistedLogPassphrase	Fast PR Gate root race + golangci; QA root race on main/dispatch	@KidCarmi (default CODEOWNER; no per-site assignee)	none recorded	2026-11-03 (audit follow-up, not exception extension)	Fixture confinement not individually reverified; standalone gosec excludes tests, golangci may include them.
retained	gosec + golangci/gosec	G204	install_script_setup_at_rest_encryption_test.go	385	385	TestInstallScript_SetupAtRestEncryption_ReuseForCAMatchesPersistedLogPassphrase	root go.mod	default constraints	// #nosec G204 -- fixed test script content, not external/user input	Fixture confined to tests; real credentials/URLs must not enter shipped paths.	under investigation	TestInstallScript_SetupAtRestEncryption_ReuseForCAMatchesPersistedLogPassphrase	Fast PR Gate root race + golangci; QA root race on main/dispatch	@KidCarmi (default CODEOWNER; no per-site assignee)	none recorded	2026-11-03 (audit follow-up, not exception extension)	Fixture confinement not individually reverified; standalone gosec excludes tests, golangci may include them.
retained	gosec + golangci/gosec	G204	install_script_setup_at_rest_encryption_test.go	455	455	TestInstallScript_SetupAtRestEncryption_ReuseBranchSurvivesMissingEnvEntry	root go.mod	default constraints	// #nosec G204 -- fixed test script content, not external/user input	Fixture confined to tests; real credentials/URLs must not enter shipped paths.	under investigation	TestInstallScript_SetupAtRestEncryption_ReuseBranchSurvivesMissingEnvEntry	Fast PR Gate root race + golangci; QA root race on main/dispatch	@KidCarmi (default CODEOWNER; no per-site assignee)	none recorded	2026-11-03 (audit follow-up, not exception extension)	Fixture confinement not individually reverified; standalone gosec excludes tests, golangci may include them.
retained	gosec + golangci/gosec	G404	internal/admission/security_ipfilter_view_test.go	141	141	TestIPFilterView_DifferentialRandomized	root go.mod	default constraints	// #nosec G404 -- deterministic seeded generator for reproducible test data	Fixture confined to tests; real credentials/URLs must not enter shipped paths.	under investigation	TestIPFilterView_DifferentialRandomized	Fast PR Gate root race + golangci; QA root race on main/dispatch	@KidCarmi (default CODEOWNER; no per-site assignee)	none recorded	2026-11-03 (audit follow-up, not exception extension)	Fixture confinement not individually reverified; standalone gosec excludes tests, golangci may include them.
retained	gosec + golangci/gosec	G404	internal/admission/security_ratelimit_exempt_view_test.go	121	121	TestRLExemptView_DifferentialAgainstLegacy_Randomized	root go.mod	default constraints	// #nosec G404 -- deterministic seeded generator for reproducible test data	Fixture confined to tests; real credentials/URLs must not enter shipped paths.	under investigation	TestRLExemptView_DifferentialAgainstLegacy_Randomized	Fast PR Gate root race + golangci; QA root race on main/dispatch	@KidCarmi (default CODEOWNER; no per-site assignee)	none recorded	2026-11-03 (audit follow-up, not exception extension)	Fixture confinement not individually reverified; standalone gosec excludes tests, golangci may include them.
retained	gosec + golangci/gosec	G404	internal/admission/security_ratelimit_window_test.go	69	69	TestRateLimitWindow_DifferentialAgainstLegacy	root go.mod	default constraints	// #nosec G404 -- deterministic seeded generator for reproducible test data	Fixture confined to tests; real credentials/URLs must not enter shipped paths.	under investigation	TestRateLimitWindow_DifferentialAgainstLegacy	Fast PR Gate root race + golangci; QA root race on main/dispatch	@KidCarmi (default CODEOWNER; no per-site assignee)	none recorded	2026-11-03 (audit follow-up, not exception extension)	Fixture confinement not individually reverified; standalone gosec excludes tests, golangci may include them.
retained	gosec + golangci/gosec	G304	internal/alerts/secret.go	78	78	webhookSecretKey	root go.mod	default constraints	// #nosec G304 -- derived from the operator-configured store path	See verbatim annotation; path ownership, reachable inputs and supported configuration require verification.	under investigation	annotation only; no protection verified per-site in this audit	Fast PR Gate root race + golangci; QA root race on main/dispatch	@KidCarmi (default CODEOWNER; no per-site assignee)	none recorded	2026-11-03 (audit follow-up, not exception extension)	Retain pending boundary/control review; reason is not proof. Run unfiltered advisory and triage per site.
retained	gosec + golangci/gosec	G304	internal/alerts/store.go	334	334	Init	root go.mod	default constraints	// #nosec G304 -- operator-configured path	See verbatim annotation; path ownership, reachable inputs and supported configuration require verification.	under investigation	annotation only; no protection verified per-site in this audit	Fast PR Gate root race + golangci; QA root race on main/dispatch	@KidCarmi (default CODEOWNER; no per-site assignee)	none recorded	2026-11-03 (audit follow-up, not exception extension)	Retain pending boundary/control review; reason is not proof. Run unfiltered advisory and triage per site.
retained	gosec + golangci/gosec	G117	internal/alerts/store.go	470	470	save	root go.mod	default constraints	// #nosec G117 -- Secret holds AES-GCM ciphertext at rest (RISK-003), not the cleartext key	See verbatim annotation; path ownership, reachable inputs and supported configuration require verification.	under investigation	annotation only; no protection verified per-site in this audit	Fast PR Gate root race + golangci; QA root race on main/dispatch	@KidCarmi (default CODEOWNER; no per-site assignee)	none recorded	2026-11-03 (audit follow-up, not exception extension)	Retain pending boundary/control review; reason is not proof. Run unfiltered advisory and triage per site.
retained	gosec + golangci/gosec	G304	internal/alerts/webhook_signing_degraded_test.go	59	59	restoreWithoutKey	root go.mod	default constraints	// #nosec G304 -- test-controlled temp path	Fixture confined to tests; real credentials/URLs must not enter shipped paths.	under investigation	test helper (callers not individually mapped)	Fast PR Gate root race + golangci; QA root race on main/dispatch	@KidCarmi (default CODEOWNER; no per-site assignee)	none recorded	2026-11-03 (audit follow-up, not exception extension)	Fixture confinement not individually reverified; standalone gosec excludes tests, golangci may include them.
retained	gosec + golangci/gosec	G304	internal/alerts/webhook_signing_degraded_test.go	73	73	onDiskHooks	root go.mod	default constraints	// #nosec G304 -- test-controlled temp path	Fixture confined to tests; real credentials/URLs must not enter shipped paths.	under investigation	test helper (callers not individually mapped)	Fast PR Gate root race + golangci; QA root race on main/dispatch	@KidCarmi (default CODEOWNER; no per-site assignee)	none recorded	2026-11-03 (audit follow-up, not exception extension)	Fixture confinement not individually reverified; standalone gosec excludes tests, golangci may include them.
retained	gosec + golangci/gosec	G117	internal/alerts/webhook_signing_degraded_test.go	177	177	TestSigningDegraded_ListReportsItWithoutLeaking	root go.mod	default constraints	// #nosec G117 -- List() blanks Secret; marshalling it is HOW the redaction is proven, and the assertion below fails if any secret material survives	Fixture confined to tests; real credentials/URLs must not enter shipped paths.	under investigation	TestSigningDegraded_ListReportsItWithoutLeaking	Fast PR Gate root race + golangci; QA root race on main/dispatch	@KidCarmi (default CODEOWNER; no per-site assignee)	none recorded	2026-11-03 (audit follow-up, not exception extension)	Fixture confinement not individually reverified; standalone gosec excludes tests, golangci may include them.
retained	gosec + golangci/gosec	G101	internal/alerts/webhook_signing_degraded_test.go	236	236	TestSigningDegraded_ReEnteringTheSecretRecovers	root go.mod	default constraints	// #nosec G101 -- test fixture: a literal stand-in for the operator re-entering the secret in the admin UI	Fixture confined to tests; real credentials/URLs must not enter shipped paths.	under investigation	TestSigningDegraded_ReEnteringTheSecretRecovers	Fast PR Gate root race + golangci; QA root race on main/dispatch	@KidCarmi (default CODEOWNER; no per-site assignee)	none recorded	2026-11-03 (audit follow-up, not exception extension)	Fixture confinement not individually reverified; standalone gosec excludes tests, golangci may include them.
retained	gosec + golangci/gosec	G304	internal/alerts/webhook_signing_degraded_test.go	277	277	TestSigningDegraded_RestoringTheKeyFileRecoversSigning	root go.mod	default constraints	// #nosec G304 -- test-controlled temp path	Fixture confined to tests; real credentials/URLs must not enter shipped paths.	under investigation	TestSigningDegraded_RestoringTheKeyFileRecoversSigning	Fast PR Gate root race + golangci; QA root race on main/dispatch	@KidCarmi (default CODEOWNER; no per-site assignee)	none recorded	2026-11-03 (audit follow-up, not exception extension)	Fixture confinement not individually reverified; standalone gosec excludes tests, golangci may include them.
retained	gosec + golangci/gosec	G101	internal/alerts/webhook_signing_degraded_test.go	320	320	TestSigningDegraded_FailedDecryptDoesNotMintAKey	root go.mod	default constraints	// #nosec G101 -- test fixture: a literal stand-in for the operator re-entering the secret in the admin UI	Fixture confined to tests; real credentials/URLs must not enter shipped paths.	under investigation	TestSigningDegraded_FailedDecryptDoesNotMintAKey	Fast PR Gate root race + golangci; QA root race on main/dispatch	@KidCarmi (default CODEOWNER; no per-site assignee)	none recorded	2026-11-03 (audit follow-up, not exception extension)	Fixture confinement not individually reverified; standalone gosec excludes tests, golangci may include them.
retained	gosec + golangci/gosec	G117	internal/alerts/webhook_signing_degraded_test.go	345	345	TestSigningDegraded_MalformedStoredSecret	root go.mod	default constraints	"// #nosec G117 -- Secret holds a deliberately malformed at-rest fixture, never a cleartext key: this writes the store file the loader must refuse to ""fix"""	Fixture confined to tests; real credentials/URLs must not enter shipped paths.	under investigation	TestSigningDegraded_MalformedStoredSecret	Fast PR Gate root race + golangci; QA root race on main/dispatch	@KidCarmi (default CODEOWNER; no per-site assignee)	none recorded	2026-11-03 (audit follow-up, not exception extension)	Fixture confinement not individually reverified; standalone gosec excludes tests, golangci may include them.
retained	gosec + golangci/gosec	G117	internal/alerts/webhook_signing_degraded_test.go	393	393	TestSigningDegraded_StatusIsNeverAcceptedFromACaller	root go.mod	default constraints	// #nosec G117 -- no secret is set at all: this writes a hand-edited store file asserting a status the loader must not believe	Fixture confined to tests; real credentials/URLs must not enter shipped paths.	under investigation	TestSigningDegraded_StatusIsNeverAcceptedFromACaller	Fast PR Gate root race + golangci; QA root race on main/dispatch	@KidCarmi (default CODEOWNER; no per-site assignee)	none recorded	2026-11-03 (audit follow-up, not exception extension)	Fixture confinement not individually reverified; standalone gosec excludes tests, golangci may include them.
retained	gosec + golangci/gosec	G304	internal/audit/audit.go	199	199	Init	root go.mod	default constraints	// #nosec G304 -- operator-configured path	See verbatim annotation; path ownership, reachable inputs and supported configuration require verification.	under investigation	annotation only; no protection verified per-site in this audit	Fast PR Gate root race + golangci; QA root race on main/dispatch	@KidCarmi (default CODEOWNER; no per-site assignee)	none recorded	2026-11-03 (audit follow-up, not exception extension)	Retain pending boundary/control review; reason is not proof. Run unfiltered advisory and triage per site.
retained	gosec + golangci/gosec	G304	internal/audit/audit.go	346	346	GetPersistent	root go.mod	default constraints	// #nosec G304 -- operator-configured path	See verbatim annotation; path ownership, reachable inputs and supported configuration require verification.	under investigation	annotation only; no protection verified per-site in this audit	Fast PR Gate root race + golangci; QA root race on main/dispatch	@KidCarmi (default CODEOWNER; no per-site assignee)	none recorded	2026-11-03 (audit follow-up, not exception extension)	Retain pending boundary/control review; reason is not proof. Run unfiltered advisory and triage per site.
retained	gosec + golangci/gosec	G101	internal/backupcrypt/backupcrypt.go	58	58	file/declaration (inspect attached AST node)	root go.mod	default constraints	// #nosec G101 -- env-var NAME, not a credential (NOSONAR)	See verbatim annotation; path ownership, reachable inputs and supported configuration require verification.	under investigation	annotation only; no protection verified per-site in this audit	Fast PR Gate root race + golangci; QA root race on main/dispatch	@KidCarmi (default CODEOWNER; no per-site assignee)	none recorded	2026-11-03 (audit follow-up, not exception extension)	Retain pending boundary/control review; reason is not proof. Run unfiltered advisory and triage per site.
retained	gosec + golangci/gosec	G304	internal/bandwidth/bandwidth.go	94	94	NewManager	root go.mod	default constraints	// #nosec G304 -- operator-configured store path	See verbatim annotation; path ownership, reachable inputs and supported configuration require verification.	under investigation	annotation only; no protection verified per-site in this audit	Fast PR Gate root race + golangci; QA root race on main/dispatch	@KidCarmi (default CODEOWNER; no per-site assignee)	none recorded	2026-11-03 (audit follow-up, not exception extension)	Retain pending boundary/control review; reason is not proof. Run unfiltered advisory and triage per site.
retained	gosec + golangci/gosec	G404	internal/blocklist/hotread.go	161	161	rlockHot	root go.mod	default constraints	// #nosec G404 -- cache-line spread, not crypto; the index cannot affect the verdict	See verbatim annotation; path ownership, reachable inputs and supported configuration require verification.	under investigation	annotation only; no protection verified per-site in this audit	Fast PR Gate root race + golangci; QA root race on main/dispatch	@KidCarmi (default CODEOWNER; no per-site assignee)	none recorded	2026-11-03 (audit follow-up, not exception extension)	Retain pending boundary/control review; reason is not proof. Run unfiltered advisory and triage per site.
retained	gosec + golangci/gosec	G107	internal/blocklistfeed/blocklistfeed.go	278	278	fetchFeedLines	root go.mod	default constraints	// #nosec G107 -- operator-configured URL; scheme + ssrf.PrivateHost guard above	See verbatim annotation; path ownership, reachable inputs and supported configuration require verification.	under investigation	annotation only; no protection verified per-site in this audit	Fast PR Gate root race + golangci; QA root race on main/dispatch	@KidCarmi (default CODEOWNER; no per-site assignee)	none recorded	2026-11-03 (audit follow-up, not exception extension)	Retain pending boundary/control review; reason is not proof. Run unfiltered advisory and triage per site.
retained	gosec + golangci/gosec	G304	internal/bootstrap/bootstrap.go	30	30	registryURL	root go.mod	default constraints	// #nosec G304 -- operator-configured path	See verbatim annotation; path ownership, reachable inputs and supported configuration require verification.	under investigation	annotation only; no protection verified per-site in this audit	Fast PR Gate root race + golangci; QA root race on main/dispatch	@KidCarmi (default CODEOWNER; no per-site assignee)	none recorded	2026-11-03 (audit follow-up, not exception extension)	Retain pending boundary/control review; reason is not proof. Run unfiltered advisory and triage per site.
retained	gosec + golangci/gosec	G204	internal/bootstrap/hostsafety_test.go	429	429	TestDefect_DoubleQuotedWordExpandsCommandSubstitution	root go.mod	default constraints	// #nosec G204 -- fixed argv; `injected` is this test's own literal above.	Fixture confined to tests; real credentials/URLs must not enter shipped paths.	under investigation	TestDefect_DoubleQuotedWordExpandsCommandSubstitution	Fast PR Gate root race + golangci; QA root race on main/dispatch	@KidCarmi (default CODEOWNER; no per-site assignee)	none recorded	2026-11-03 (audit follow-up, not exception extension)	Fixture confinement not individually reverified; standalone gosec excludes tests, golangci may include them.
retained	gosec + golangci/gosec	G204	internal/bootstrap/hostsafety_test.go	438	438	TestDefect_DoubleQuotedWordExpandsCommandSubstitution	root go.mod	default constraints	// #nosec G204 -- same fixed payload, single-quoted; see above.	Fixture confined to tests; real credentials/URLs must not enter shipped paths.	under investigation	TestDefect_DoubleQuotedWordExpandsCommandSubstitution	Fast PR Gate root race + golangci; QA root race on main/dispatch	@KidCarmi (default CODEOWNER; no per-site assignee)	none recorded	2026-11-03 (audit follow-up, not exception extension)	Fixture confinement not individually reverified; standalone gosec excludes tests, golangci may include them.
retained	gosec + golangci/gosec	G204,G702	internal/catdb/resilient_test.go	518	518	runChildBoot	root go.mod	default constraints	// #nosec G204,G702 -- re-exec of THIS test binary (os.Args[0]) with a fixed,	Fixture confined to tests; real credentials/URLs must not enter shipped paths.	under investigation	test helper (callers not individually mapped)	Fast PR Gate root race + golangci; QA root race on main/dispatch	@KidCarmi (default CODEOWNER; no per-site assignee)	none recorded	2026-11-03 (audit follow-up, not exception extension)	Fixture confinement not individually reverified; standalone gosec excludes tests, golangci may include them.
retained	gosec + golangci/gosec	G304	internal/catgroup/catgroup.go	230	230	Load	root go.mod	default constraints	// #nosec G304 -- operator-configured path	See verbatim annotation; path ownership, reachable inputs and supported configuration require verification.	under investigation	annotation only; no protection verified per-site in this audit	Fast PR Gate root race + golangci; QA root race on main/dispatch	@KidCarmi (default CODEOWNER; no per-site assignee)	none recorded	2026-11-03 (audit follow-up, not exception extension)	Retain pending boundary/control review; reason is not proof. Run unfiltered advisory and triage per site.
retained	gosec + golangci/gosec	G304	internal/catgroup/catgroup.go	855	855	decodeGroupsFile	root go.mod	default constraints	// #nosec G304 -- sibling of the operator-configured path	See verbatim annotation; path ownership, reachable inputs and supported configuration require verification.	under investigation	annotation only; no protection verified per-site in this audit	Fast PR Gate root race + golangci; QA root race on main/dispatch	@KidCarmi (default CODEOWNER; no per-site assignee)	none recorded	2026-11-03 (audit follow-up, not exception extension)	Retain pending boundary/control review; reason is not proof. Run unfiltered advisory and triage per site.
retained	gosec + golangci/gosec	G304	internal/catoverride/catoverride.go	140	140	Load	root go.mod	default constraints	// #nosec G304 -- operator-configured data-dir path	See verbatim annotation; path ownership, reachable inputs and supported configuration require verification.	under investigation	annotation only; no protection verified per-site in this audit	Fast PR Gate root race + golangci; QA root race on main/dispatch	@KidCarmi (default CODEOWNER; no per-site assignee)	none recorded	2026-11-03 (audit follow-up, not exception extension)	Retain pending boundary/control review; reason is not proof. Run unfiltered advisory and triage per site.
retained	gosec + golangci/gosec	G115	internal/clamav/clamav.go	234	234	ScanContext	root go.mod	default constraints	// #nosec G115 -- chunk size is bounded by clamChunkSize (65536), well within uint32 range	See verbatim annotation; path ownership, reachable inputs and supported configuration require verification.	under investigation	annotation only; no protection verified per-site in this audit	Fast PR Gate root race + golangci; QA root race on main/dispatch	@KidCarmi (default CODEOWNER; no per-site assignee)	none recorded	2026-11-03 (audit follow-up, not exception extension)	Retain pending boundary/control review; reason is not proof. Run unfiltered advisory and triage per site.
retained	gosec + golangci/gosec	G101	internal/decryptobs/decryptobs.go	72	72	file/declaration (inspect attached AST node)	root go.mod	default constraints	"// #nosec G101 -- categorical enum value, not a credential (""ssl_bypass"" contains ""pass"", which trips gosec's hardcoded-credential pattern)"	See verbatim annotation; path ownership, reachable inputs and supported configuration require verification.	under investigation	annotation only; no protection verified per-site in this audit	Fast PR Gate root race + golangci; QA root race on main/dispatch	@KidCarmi (default CODEOWNER; no per-site assignee)	none recorded	2026-11-03 (audit follow-up, not exception extension)	Retain pending boundary/control review; reason is not proof. Run unfiltered advisory and triage per site.
retained	gosec + golangci/gosec	G304	internal/decryptprofile/decryptprofile.go	412	412	Load	root go.mod	default constraints	// #nosec G304 -- operator-configured path	See verbatim annotation; path ownership, reachable inputs and supported configuration require verification.	under investigation	annotation only; no protection verified per-site in this audit	Fast PR Gate root race + golangci; QA root race on main/dispatch	@KidCarmi (default CODEOWNER; no per-site assignee)	none recorded	2026-11-03 (audit follow-up, not exception extension)	Retain pending boundary/control review; reason is not proof. Run unfiltered advisory and triage per site.
retained	gosec + golangci/gosec	G304	internal/decryptprofile/decryptprofile.go	1034	1034	decodeProfilesFile	root go.mod	default constraints	// #nosec G304 -- sibling of the operator-configured path	See verbatim annotation; path ownership, reachable inputs and supported configuration require verification.	under investigation	annotation only; no protection verified per-site in this audit	Fast PR Gate root race + golangci; QA root race on main/dispatch	@KidCarmi (default CODEOWNER; no per-site assignee)	none recorded	2026-11-03 (audit follow-up, not exception extension)	Retain pending boundary/control review; reason is not proof. Run unfiltered advisory and triage per site.
retained	gosec + golangci/gosec	G404	internal/feedsched/feedsched.go	142	142	StableJitter	root go.mod	default constraints	// #nosec G404 -- fleet spread, not crypto; drawn once	See verbatim annotation; path ownership, reachable inputs and supported configuration require verification.	under investigation	annotation only; no protection verified per-site in this audit	Fast PR Gate root race + golangci; QA root race on main/dispatch	@KidCarmi (default CODEOWNER; no per-site assignee)	none recorded	2026-11-03 (audit follow-up, not exception extension)	Retain pending boundary/control review; reason is not proof. Run unfiltered advisory and triage per site.
retained	gosec + golangci/gosec	G304	internal/fileblock/fileblock.go	124	124	SetPath	root go.mod	default constraints	// #nosec G304 -- operator-configured persistence path	See verbatim annotation; path ownership, reachable inputs and supported configuration require verification.	under investigation	annotation only; no protection verified per-site in this audit	Fast PR Gate root race + golangci; QA root race on main/dispatch	@KidCarmi (default CODEOWNER; no per-site assignee)	none recorded	2026-11-03 (audit follow-up, not exception extension)	Retain pending boundary/control review; reason is not proof. Run unfiltered advisory and triage per site.
retained	gosec + golangci/gosec	G304	internal/fileblock/fileblock_replaceall_test.go	27	27	TestCL13_FileBlocker_ReplaceAll_ContentRoundTrip	root go.mod	default constraints	// #nosec G304 -- test-controlled temp path	Fixture confined to tests; real credentials/URLs must not enter shipped paths.	under investigation	TestCL13_FileBlocker_ReplaceAll_ContentRoundTrip	Fast PR Gate root race + golangci; QA root race on main/dispatch	@KidCarmi (default CODEOWNER; no per-site assignee)	none recorded	2026-11-03 (audit follow-up, not exception extension)	Fixture confinement not individually reverified; standalone gosec excludes tests, golangci may include them.
retained	gosec + golangci/gosec	G304	internal/fileblock/fileblock_replaceall_test.go	107	107	TestCL13_FileBlocker_ReplaceAll_ReplacesEntireSet	root go.mod	default constraints	// #nosec G304 -- test-controlled temp path	Fixture confined to tests; real credentials/URLs must not enter shipped paths.	under investigation	TestCL13_FileBlocker_ReplaceAll_ReplacesEntireSet	Fast PR Gate root race + golangci; QA root race on main/dispatch	@KidCarmi (default CODEOWNER; no per-site assignee)	none recorded	2026-11-03 (audit follow-up, not exception extension)	Fixture confinement not individually reverified; standalone gosec excludes tests, golangci may include them.
retained	gosec + golangci/gosec	G304	internal/fileblock/fileprofile.go	167	167	Load	root go.mod	default constraints	// #nosec G304 -- operator-configured profiles path	See verbatim annotation; path ownership, reachable inputs and supported configuration require verification.	under investigation	annotation only; no protection verified per-site in this audit	Fast PR Gate root race + golangci; QA root race on main/dispatch	@KidCarmi (default CODEOWNER; no per-site assignee)	none recorded	2026-11-03 (audit follow-up, not exception extension)	Retain pending boundary/control review; reason is not proof. Run unfiltered advisory and triage per site.
retained	gosec + golangci/gosec	G104	internal/fileutil/fileutil.go	112	112	AtomicWrite	root go.mod	default constraints	// #nosec G104 -- best-effort cleanup	See verbatim annotation; path ownership, reachable inputs and supported configuration require verification.	under investigation	annotation only; no protection verified per-site in this audit	Fast PR Gate root race + golangci; QA root race on main/dispatch	@KidCarmi (default CODEOWNER; no per-site assignee)	none recorded	2026-11-03 (audit follow-up, not exception extension)	Retain pending boundary/control review; reason is not proof. Run unfiltered advisory and triage per site.
retained	gosec + golangci/gosec	G304	internal/fileutil/fileutil_test.go	17	17	TestAtomicWrite_RoundTrip	root go.mod	default constraints	// #nosec G304 -- test-controlled temp path	Fixture confined to tests; real credentials/URLs must not enter shipped paths.	under investigation	TestAtomicWrite_RoundTrip	Fast PR Gate root race + golangci; QA root race on main/dispatch	@KidCarmi (default CODEOWNER; no per-site assignee)	none recorded	2026-11-03 (audit follow-up, not exception extension)	Fixture confinement not individually reverified; standalone gosec excludes tests, golangci may include them.
retained	gosec + golangci/gosec	G304	internal/fileutil/fileutil_test.go	42	42	TestAtomicWrite_Overwrite	root go.mod	default constraints	// #nosec G304 -- test-controlled temp path	Fixture confined to tests; real credentials/URLs must not enter shipped paths.	under investigation	TestAtomicWrite_Overwrite	Fast PR Gate root race + golangci; QA root race on main/dispatch	@KidCarmi (default CODEOWNER; no per-site assignee)	none recorded	2026-11-03 (audit follow-up, not exception extension)	Fixture confinement not individually reverified; standalone gosec excludes tests, golangci may include them.
retained	golangci/gosec only	G306	internal/fileutil/writeexclusive_test.go	64	64	TestWriteFileExclusive_ExistingTargetSymlinkDoesNotRedirectTheWrite	root go.mod	default constraints	//nolint:gosec // G306: deliberately world-readable — the planted file this test defends against	Fixture confined to tests; real credentials/URLs must not enter shipped paths.	under investigation	TestWriteFileExclusive_ExistingTargetSymlinkDoesNotRedirectTheWrite	Fast PR Gate root race + golangci; QA root race on main/dispatch	@KidCarmi (default CODEOWNER; no per-site assignee)	none recorded	2026-11-03 (audit follow-up, not exception extension)	Fixture confinement not individually reverified; standalone gosec excludes tests, golangci may include them.
retained	golangci/gosec only	G306	internal/fileutil/writeexclusive_test.go	104	104	TestWriteFileExclusive_DoesNotInheritAPreExistingMode	root go.mod	default constraints	//nolint:gosec // G306: deliberately world-readable — the planted file this test defends against	Fixture confined to tests; real credentials/URLs must not enter shipped paths.	under investigation	TestWriteFileExclusive_DoesNotInheritAPreExistingMode	Fast PR Gate root race + golangci; QA root race on main/dispatch	@KidCarmi (default CODEOWNER; no per-site assignee)	none recorded	2026-11-03 (audit follow-up, not exception extension)	Fixture confinement not individually reverified; standalone gosec excludes tests, golangci may include them.
retained	golangci/gosec only	G306	internal/fileutil/writeexclusive_test.go	125	125	TestWriteFileExclusive_LegacyWriterInheritsAPreExistingMode	root go.mod	default constraints	//nolint:gosec // G306: deliberately world-readable — the planted file this test defends against	Fixture confined to tests; real credentials/URLs must not enter shipped paths.	under investigation	TestWriteFileExclusive_LegacyWriterInheritsAPreExistingMode	Fast PR Gate root race + golangci; QA root race on main/dispatch	@KidCarmi (default CODEOWNER; no per-site assignee)	none recorded	2026-11-03 (audit follow-up, not exception extension)	Fixture confinement not individually reverified; standalone gosec excludes tests, golangci may include them.
retained	gosec + golangci/gosec	G115	internal/geoip/geoip.go	67	67	InitGeoDB	root go.mod	default constraints	// #nosec G115 -- clamped above	See verbatim annotation; path ownership, reachable inputs and supported configuration require verification.	under investigation	annotation only; no protection verified per-site in this audit	Fast PR Gate root race + golangci; QA root race on main/dispatch	@KidCarmi (default CODEOWNER; no per-site assignee)	none recorded	2026-11-03 (audit follow-up, not exception extension)	Retain pending boundary/control review; reason is not proof. Run unfiltered advisory and triage per site.
retained	golangci/gosec only	G703	internal/logstore/enckey_chaos_test.go	61	61	TestChaos62_TornSaltNeverMintsOverAnExistingStore	root go.mod	default constraints	//nolint:gosec // G703: test fixture under t.TempDir()	Fixture confined to tests; real credentials/URLs must not enter shipped paths.	under investigation	TestChaos62_TornSaltNeverMintsOverAnExistingStore	Fast PR Gate root race + golangci; QA root race on main/dispatch	@KidCarmi (default CODEOWNER; no per-site assignee)	none recorded	2026-11-03 (audit follow-up, not exception extension)	Fixture confinement not individually reverified; standalone gosec excludes tests, golangci may include them.
retained	golangci/gosec only	all rules (no explicit ID)	internal/logstore/logstore.go	225	225	EncKey	root go.mod	default constraints	//nolint:gosec // path is server-configured	See verbatim annotation; path ownership, reachable inputs and supported configuration require verification.	under investigation	annotation only; no protection verified per-site in this audit	Fast PR Gate root race + golangci; QA root race on main/dispatch	@KidCarmi (default CODEOWNER; no per-site assignee)	none recorded	2026-11-03 (audit follow-up, not exception extension)	Retain pending boundary/control review; reason is not proof. Run unfiltered advisory and triage per site.
retained	golangci/gosec only	G703	internal/logstore/logstore.go	257	257	storeHasContent	root go.mod	default constraints	//nolint:gosec // G703: dir is the server-configured store path, never request-derived	See verbatim annotation; path ownership, reachable inputs and supported configuration require verification.	under investigation	annotation only; no protection verified per-site in this audit	Fast PR Gate root race + golangci; QA root race on main/dispatch	@KidCarmi (default CODEOWNER; no per-site assignee)	none recorded	2026-11-03 (audit follow-up, not exception extension)	Retain pending boundary/control review; reason is not proof. Run unfiltered advisory and triage per site.
retained	gosec + golangci/gosec	G115	internal/logstore/logstore.go	417	417	storeKey	root go.mod	default constraints	// #nosec G115 -- ts is positive millis	See verbatim annotation; path ownership, reachable inputs and supported configuration require verification.	under investigation	annotation only; no protection verified per-site in this audit	Fast PR Gate root race + golangci; QA root race on main/dispatch	@KidCarmi (default CODEOWNER; no per-site assignee)	none recorded	2026-11-03 (audit follow-up, not exception extension)	Retain pending boundary/control review; reason is not proof. Run unfiltered advisory and triage per site.
retained	gosec + golangci/gosec	G115	internal/logstore/logstore.go	426	426	storeKeyTS	root go.mod	default constraints	// #nosec G115 -- round-trips storeKey	See verbatim annotation; path ownership, reachable inputs and supported configuration require verification.	under investigation	annotation only; no protection verified per-site in this audit	Fast PR Gate root race + golangci; QA root race on main/dispatch	@KidCarmi (default CODEOWNER; no per-site assignee)	none recorded	2026-11-03 (audit follow-up, not exception extension)	Retain pending boundary/control review; reason is not proof. Run unfiltered advisory and triage per site.
retained	golangci/gosec only	all rules (no explicit ID)	internal/logstore/resilient_chaos_test.go	78	78	garbleTables	root go.mod	default constraints	//nolint:gosec // test fixture under t.TempDir()	Fixture confined to tests; real credentials/URLs must not enter shipped paths.	under investigation	test helper (callers not individually mapped)	Fast PR Gate root race + golangci; QA root race on main/dispatch	@KidCarmi (default CODEOWNER; no per-site assignee)	none recorded	2026-11-03 (audit follow-up, not exception extension)	Fixture confinement not individually reverified; standalone gosec excludes tests, golangci may include them.
retained	golangci/gosec only	G703	internal/logstore/resilient_chaos_test.go	85	85	garbleTables	root go.mod	default constraints	//nolint:gosec // G703: test fixture under t.TempDir()	Fixture confined to tests; real credentials/URLs must not enter shipped paths.	under investigation	test helper (callers not individually mapped)	Fast PR Gate root race + golangci; QA root race on main/dispatch	@KidCarmi (default CODEOWNER; no per-site assignee)	none recorded	2026-11-03 (audit follow-up, not exception extension)	Fixture confinement not individually reverified; standalone gosec excludes tests, golangci may include them.
retained	gosec + golangci/gosec	G204,G702	internal/logstore/resilient_chaos_test.go	226	226	runChild	root go.mod	default constraints	// #nosec G204,G702 -- re-exec of THIS test binary (os.Args[0]) with a fixed,	Fixture confined to tests; real credentials/URLs must not enter shipped paths.	under investigation	test helper (callers not individually mapped)	Fast PR Gate root race + golangci; QA root race on main/dispatch	@KidCarmi (default CODEOWNER; no per-site assignee)	none recorded	2026-11-03 (audit follow-up, not exception extension)	Fixture confinement not individually reverified; standalone gosec excludes tests, golangci may include them.
retained	golangci/gosec only	all rules (no explicit ID)	internal/logstore/resilient_chaos_test.go	353	353	TestChaos62_ScrambledKeyRegistryDegradesRatherThanQuarantining	root go.mod	default constraints	//nolint:gosec // test fixture under t.TempDir()	Fixture confined to tests; real credentials/URLs must not enter shipped paths.	under investigation	TestChaos62_ScrambledKeyRegistryDegradesRatherThanQuarantining	Fast PR Gate root race + golangci; QA root race on main/dispatch	@KidCarmi (default CODEOWNER; no per-site assignee)	none recorded	2026-11-03 (audit follow-up, not exception extension)	Fixture confinement not individually reverified; standalone gosec excludes tests, golangci may include them.
retained	gosec + golangci/gosec	G101	internal/mcp/canary/canary_import_wall_test.go	27	27	TestCanaryPackageHoldsNoExecutionCapability	root go.mod	default constraints	// #nosec G101 -- import paths + descriptions, not hardcoded credentials	Fixture confined to tests; real credentials/URLs must not enter shipped paths.	under investigation	TestCanaryPackageHoldsNoExecutionCapability	Fast PR Gate root race + golangci; QA root race on main/dispatch	@KidCarmi (default CODEOWNER; no per-site assignee)	none recorded	2026-11-03 (audit follow-up, not exception extension)	Fixture confinement not individually reverified; standalone gosec excludes tests, golangci may include them.
retained	gosec + golangci/gosec	G101	internal/mcp/canary/credfree.go	64	64	file/declaration (inspect attached AST node)	root go.mod	default constraints	// #nosec G101 -- a reason code, not a credential	See verbatim annotation; path ownership, reachable inputs and supported configuration require verification.	under investigation	annotation only; no protection verified per-site in this audit	Fast PR Gate root race + golangci; QA root race on main/dispatch	@KidCarmi (default CODEOWNER; no per-site assignee)	none recorded	2026-11-03 (audit follow-up, not exception extension)	Retain pending boundary/control review; reason is not proof. Run unfiltered advisory and triage per site.
retained	gosec + golangci/gosec	G101	internal/mcp/canary/credfree.go	83	83	file/declaration (inspect attached AST node)	root go.mod	default constraints	// #nosec G101 -- a reason code, not a credential	See verbatim annotation; path ownership, reachable inputs and supported configuration require verification.	under investigation	annotation only; no protection verified per-site in this audit	Fast PR Gate root race + golangci; QA root race on main/dispatch	@KidCarmi (default CODEOWNER; no per-site assignee)	none recorded	2026-11-03 (audit follow-up, not exception extension)	Retain pending boundary/control review; reason is not proof. Run unfiltered advisory and triage per site.
retained	gosec + golangci/gosec	G101	internal/mcp/canary/readiness.go	38	38	file/declaration (inspect attached AST node)	root go.mod	default constraints	// #nosec G101 -- a reason code, not a credential	See verbatim annotation; path ownership, reachable inputs and supported configuration require verification.	under investigation	annotation only; no protection verified per-site in this audit	Fast PR Gate root race + golangci; QA root race on main/dispatch	@KidCarmi (default CODEOWNER; no per-site assignee)	none recorded	2026-11-03 (audit follow-up, not exception extension)	Retain pending boundary/control review; reason is not proof. Run unfiltered advisory and triage per site.
retained	gosec + golangci/gosec	G101	internal/mcp/canary/readiness.go	123	123	file/declaration (inspect attached AST node)	root go.mod	default constraints	// #nosec G101 -- a reason code, not a credential	See verbatim annotation; path ownership, reachable inputs and supported configuration require verification.	under investigation	annotation only; no protection verified per-site in this audit	Fast PR Gate root race + golangci; QA root race on main/dispatch	@KidCarmi (default CODEOWNER; no per-site assignee)	none recorded	2026-11-03 (audit follow-up, not exception extension)	Retain pending boundary/control review; reason is not proof. Run unfiltered advisory and triage per site.
retained	gosec + golangci/gosec	G304	internal/mcp/cpdp/apply/persist.go	80	80	Load	root go.mod	default constraints	// #nosec G304 -- path is a fixed capability file under the data dir	See verbatim annotation; path ownership, reachable inputs and supported configuration require verification.	under investigation	annotation only; no protection verified per-site in this audit	Fast PR Gate root race + golangci; QA root race on main/dispatch	@KidCarmi (default CODEOWNER; no per-site assignee)	none recorded	2026-11-03 (audit follow-up, not exception extension)	Retain pending boundary/control review; reason is not proof. Run unfiltered advisory and triage per site.
retained	gosec + golangci/gosec	G115	internal/mcp/credentials/provider/material.go	153	153	readChunk	root go.mod	default constraints	// #nosec G115 -- l <= maxLen (a non-negative int) verified by leWithin above	See verbatim annotation; path ownership, reachable inputs and supported configuration require verification.	under investigation	annotation only; no protection verified per-site in this audit	Fast PR Gate root race + golangci; QA root race on main/dispatch	@KidCarmi (default CODEOWNER; no per-site assignee)	none recorded	2026-11-03 (audit follow-up, not exception extension)	Retain pending boundary/control review; reason is not proof. Run unfiltered advisory and triage per site.
retained	gosec + golangci/gosec	G115	internal/mcp/credentials/provider/material.go	166	166	leWithin	root go.mod	default constraints	// #nosec G115 -- limit checked non-negative	See verbatim annotation; path ownership, reachable inputs and supported configuration require verification.	under investigation	annotation only; no protection verified per-site in this audit	Fast PR Gate root race + golangci; QA root race on main/dispatch	@KidCarmi (default CODEOWNER; no per-site assignee)	none recorded	2026-11-03 (audit follow-up, not exception extension)	Retain pending boundary/control review; reason is not proof. Run unfiltered advisory and triage per site.
retained	gosec + golangci/gosec	G115	internal/mcp/events/spool/segment.go	128	128	encodeRecord	root go.mod	default constraints	// #nosec G115 -- len(ct) <= maxCiphertextLen < 2^32	See verbatim annotation; path ownership, reachable inputs and supported configuration require verification.	under investigation	annotation only; no protection verified per-site in this audit	Fast PR Gate root race + golangci; QA root race on main/dispatch	@KidCarmi (default CODEOWNER; no per-site assignee)	none recorded	2026-11-03 (audit follow-up, not exception extension)	Retain pending boundary/control review; reason is not proof. Run unfiltered advisory and triage per site.
retained	gosec + golangci/gosec	G703	internal/mcp/events/spool/shadow_v2_recovery_test.go	139	139	TestShadowV2_InteriorCorruptionOfShadowRecordFailsClosed	root go.mod	default constraints	// #nosec G703 -- test rewrites its own t.TempDir()-derived segment file	Fixture confined to tests; real credentials/URLs must not enter shipped paths.	under investigation	TestShadowV2_InteriorCorruptionOfShadowRecordFailsClosed	Fast PR Gate root race + golangci; QA root race on main/dispatch	@KidCarmi (default CODEOWNER; no per-site assignee)	none recorded	2026-11-03 (audit follow-up, not exception extension)	Fixture confinement not individually reverified; standalone gosec excludes tests, golangci may include them.
retained	gosec + golangci/gosec	G115	internal/mcp/events/spool/stats.go	119	119	CommittedForExport	root go.mod	default constraints	// #nosec G115 -- i is a non-negative slice index	See verbatim annotation; path ownership, reachable inputs and supported configuration require verification.	under investigation	annotation only; no protection verified per-site in this audit	Fast PR Gate root race + golangci; QA root race on main/dispatch	@KidCarmi (default CODEOWNER; no per-site assignee)	none recorded	2026-11-03 (audit follow-up, not exception extension)	Retain pending boundary/control review; reason is not proof. Run unfiltered advisory and triage per site.
retained	gosec + golangci/gosec	G101	internal/mcp/execution/matrix_test.go	224	224	TestExecResponseDLPBlocksSecret	root go.mod	default constraints	// #nosec G101 -- test fixture; asserts response DLP blocks a private key	Fixture confined to tests; real credentials/URLs must not enter shipped paths.	under investigation	TestExecResponseDLPBlocksSecret	Fast PR Gate root race + golangci; QA root race on main/dispatch	@KidCarmi (default CODEOWNER; no per-site assignee)	none recorded	2026-11-03 (audit follow-up, not exception extension)	Fixture confinement not individually reverified; standalone gosec excludes tests, golangci may include them.
retained	golangci/gosec only	G101	internal/mcp/inspection/dlp/dlp_test.go	54	54	file/declaration (inspect attached AST node)	root go.mod	default constraints	//nolint:gosec // G101 -- static JWT test fixture, not a real credential	Fixture confined to tests; real credentials/URLs must not enter shipped paths.	under investigation	test helper (callers not individually mapped)	Fast PR Gate root race + golangci; QA root race on main/dispatch	@KidCarmi (default CODEOWNER; no per-site assignee)	none recorded	2026-11-03 (audit follow-up, not exception extension)	Fixture confinement not individually reverified; standalone gosec excludes tests, golangci may include them.
retained	golangci/gosec only	G101	internal/mcp/inspection/dlp/fuzz_test.go	11	11	file/declaration (inspect attached AST node)	root go.mod	default constraints	//nolint:gosec // G101 -- static JWT test fixture, not a real credential	Fixture confined to tests; real credentials/URLs must not enter shipped paths.	under investigation	test helper (callers not individually mapped)	Fast PR Gate root race + golangci; QA root race on main/dispatch	@KidCarmi (default CODEOWNER; no per-site assignee)	none recorded	2026-11-03 (audit follow-up, not exception extension)	Fixture confinement not individually reverified; standalone gosec excludes tests, golangci may include them.
retained	golangci/gosec only	G101	internal/mcp/inspection/inspection_test.go	17	17	file/declaration (inspect attached AST node)	root go.mod	default constraints	//nolint:gosec // G101 -- static JWT test fixture, not a real credential	Fixture confined to tests; real credentials/URLs must not enter shipped paths.	under investigation	test helper (callers not individually mapped)	Fast PR Gate root race + golangci; QA root race on main/dispatch	@KidCarmi (default CODEOWNER; no per-site assignee)	none recorded	2026-11-03 (audit follow-up, not exception extension)	Fixture confinement not individually reverified; standalone gosec excludes tests, golangci may include them.
retained	golangci/gosec only	G101	internal/mcp/mcperr/mcperr.go	836	836	file/declaration (inspect attached AST node)	root go.mod	default constraints	//nolint:gosec // G101: these are stable machine-readable error codes, not credentials.	See verbatim annotation; path ownership, reachable inputs and supported configuration require verification.	under investigation	annotation only; no protection verified per-site in this audit	Fast PR Gate root race + golangci; QA root race on main/dispatch	@KidCarmi (default CODEOWNER; no per-site assignee)	none recorded	2026-11-03 (audit follow-up, not exception extension)	Retain pending boundary/control review; reason is not proof. Run unfiltered advisory and triage per site.
retained	gosec + golangci/gosec	G101	internal/mcp/mcperr/mcperr.go	837	837	file/declaration (inspect attached AST node)	root go.mod	default constraints	"// #nosec G101 -- stable machine-readable error-code strings (e.g. ""token_expired""), not hardcoded credentials"	See verbatim annotation; path ownership, reachable inputs and supported configuration require verification.	under investigation	annotation only; no protection verified per-site in this audit	Fast PR Gate root race + golangci; QA root race on main/dispatch	@KidCarmi (default CODEOWNER; no per-site assignee)	none recorded	2026-11-03 (audit follow-up, not exception extension)	Retain pending boundary/control review; reason is not proof. Run unfiltered advisory and triage per site.
retained	gosec + golangci/gosec	G101	internal/mcp/policy/reason.go	17	17	file/declaration (inspect attached AST node)	root go.mod	default constraints	// #nosec G101 -- reason-code domain prefix, not a credential	See verbatim annotation; path ownership, reachable inputs and supported configuration require verification.	under investigation	annotation only; no protection verified per-site in this audit	Fast PR Gate root race + golangci; QA root race on main/dispatch	@KidCarmi (default CODEOWNER; no per-site assignee)	none recorded	2026-11-03 (audit follow-up, not exception extension)	Retain pending boundary/control review; reason is not proof. Run unfiltered advisory and triage per site.
retained	gosec + golangci/gosec	G115	internal/mcp/policy/store_test.go	98	98	TestStore_ConcurrentReadersSeeConsistentSnapshot	root go.mod	default constraints	// #nosec G115 -- rev is a bounded positive test loop counter (2..200)	Fixture confined to tests; real credentials/URLs must not enter shipped paths.	under investigation	TestStore_ConcurrentReadersSeeConsistentSnapshot	Fast PR Gate root race + golangci; QA root race on main/dispatch	@KidCarmi (default CODEOWNER; no per-site assignee)	none recorded	2026-11-03 (audit follow-up, not exception extension)	Fixture confinement not individually reverified; standalone gosec excludes tests, golangci may include them.
retained	gosec + golangci/gosec	G101	internal/mcp/rollout/hardfail.go	48	48	file/declaration (inspect attached AST node)	root go.mod	default constraints	"// #nosec G101 -- these are hard-failure CLASS LABELS (e.g. ""credential_safety""),"	See verbatim annotation; path ownership, reachable inputs and supported configuration require verification.	under investigation	annotation only; no protection verified per-site in this audit	Fast PR Gate root race + golangci; QA root race on main/dispatch	@KidCarmi (default CODEOWNER; no per-site assignee)	none recorded	2026-11-03 (audit follow-up, not exception extension)	Retain pending boundary/control review; reason is not proof. Run unfiltered advisory and triage per site.
retained	gosec + golangci/gosec	G115	internal/mcp/rollout/scope.go	595	595	StableBucket	root go.mod	default constraints	// #nosec G115 -- value is modulo 100	See verbatim annotation; path ownership, reachable inputs and supported configuration require verification.	under investigation	annotation only; no protection verified per-site in this audit	Fast PR Gate root race + golangci; QA root race on main/dispatch	@KidCarmi (default CODEOWNER; no per-site assignee)	none recorded	2026-11-03 (audit follow-up, not exception extension)	Retain pending boundary/control review; reason is not proof. Run unfiltered advisory and triage per site.
retained	gosec + golangci/gosec	G115	internal/mcp/rollout/scope.go	604	604	computeHash	root go.mod	default constraints	// #nosec G115 -- schema is a tiny constant version tag	See verbatim annotation; path ownership, reachable inputs and supported configuration require verification.	under investigation	annotation only; no protection verified per-site in this audit	Fast PR Gate root race + golangci; QA root race on main/dispatch	@KidCarmi (default CODEOWNER; no per-site assignee)	none recorded	2026-11-03 (audit follow-up, not exception extension)	Retain pending boundary/control review; reason is not proof. Run unfiltered advisory and triage per site.
retained	gosec + golangci/gosec	G115	internal/mcp/rollout/scope.go	669	669	writeInt	root go.mod	default constraints	// #nosec G115 -- bounded non-negative length	See verbatim annotation; path ownership, reachable inputs and supported configuration require verification.	under investigation	annotation only; no protection verified per-site in this audit	Fast PR Gate root race + golangci; QA root race on main/dispatch	@KidCarmi (default CODEOWNER; no per-site assignee)	none recorded	2026-11-03 (audit follow-up, not exception extension)	Retain pending boundary/control review; reason is not proof. Run unfiltered advisory and triage per site.
retained	golangci/gosec only	G101	internal/mcp/runtime/inspection_test.go	88	88	TestInspection_SecretHardBlockBeatsAllow	root go.mod	default constraints	//nolint:gosec // G101 -- static JWT test fixture, not a real credential	Fixture confined to tests; real credentials/URLs must not enter shipped paths.	under investigation	TestInspection_SecretHardBlockBeatsAllow	Fast PR Gate root race + golangci; QA root race on main/dispatch	@KidCarmi (default CODEOWNER; no per-site assignee)	none recorded	2026-11-03 (audit follow-up, not exception extension)	Fixture confinement not individually reverified; standalone gosec excludes tests, golangci may include them.
retained	golangci/gosec only	G101	internal/mcp/runtime/inspection_test.go	161	161	TestSatisfyRedaction_RequiresRealEvidence	root go.mod	default constraints	//nolint:gosec // G101 -- static JWT test fixture, not a real credential	Fixture confined to tests; real credentials/URLs must not enter shipped paths.	under investigation	TestSatisfyRedaction_RequiresRealEvidence	Fast PR Gate root race + golangci; QA root race on main/dispatch	@KidCarmi (default CODEOWNER; no per-site assignee)	none recorded	2026-11-03 (audit follow-up, not exception extension)	Fixture confinement not individually reverified; standalone gosec excludes tests, golangci may include them.
retained	gosec + golangci/gosec	G304	internal/mcp/tooltrust/store.go	166	166	Load	root go.mod	default constraints	// #nosec G304 -- fixed store path under the data dir	See verbatim annotation; path ownership, reachable inputs and supported configuration require verification.	under investigation	annotation only; no protection verified per-site in this audit	Fast PR Gate root race + golangci; QA root race on main/dispatch	@KidCarmi (default CODEOWNER; no per-site assignee)	none recorded	2026-11-03 (audit follow-up, not exception extension)	Retain pending boundary/control review; reason is not proof. Run unfiltered advisory and triage per site.
retained	gosec + golangci/gosec	G402	internal/mcp/upstreamclient/transport.go	339	339	tlsConfig	root go.mod	default constraints	// #nosec G402 -- pinned-identity verification is enforced in VerifyConnection;	See verbatim annotation; path ownership, reachable inputs and supported configuration require verification.	under investigation	annotation only; no protection verified per-site in this audit	Fast PR Gate root race + golangci; QA root race on main/dispatch	@KidCarmi (default CODEOWNER; no per-site assignee)	none recorded	2026-11-03 (audit follow-up, not exception extension)	Retain pending boundary/control review; reason is not proof. Run unfiltered advisory and triage per site.
retained	gosec + golangci/gosec	G304	internal/mcpacceptance/artifact.go	16	16	hashBinary	root go.mod	default constraints	// #nosec G304 -- operator-supplied artifact path	See verbatim annotation; path ownership, reachable inputs and supported configuration require verification.	under investigation	annotation only; no protection verified per-site in this audit	Fast PR Gate root race + golangci; QA root race on main/dispatch	@KidCarmi (default CODEOWNER; no per-site assignee)	none recorded	2026-11-03 (audit follow-up, not exception extension)	Retain pending boundary/control review; reason is not proof. Run unfiltered advisory and triage per site.
retained	gosec + golangci/gosec	G304	internal/mcpacceptance/artifact.go	76	76	pinBinary	root go.mod	default constraints	// #nosec G304 -- operator-supplied artifact path	See verbatim annotation; path ownership, reachable inputs and supported configuration require verification.	under investigation	annotation only; no protection verified per-site in this audit	Fast PR Gate root race + golangci; QA root race on main/dispatch	@KidCarmi (default CODEOWNER; no per-site assignee)	none recorded	2026-11-03 (audit follow-up, not exception extension)	Retain pending boundary/control review; reason is not proof. Run unfiltered advisory and triage per site.
retained	gosec + golangci/gosec	G304	internal/mcpacceptance/artifact.go	81	81	pinBinary	root go.mod	default constraints	// #nosec G304 -- harness-owned work dir	See verbatim annotation; path ownership, reachable inputs and supported configuration require verification.	under investigation	annotation only; no protection verified per-site in this audit	Fast PR Gate root race + golangci; QA root race on main/dispatch	@KidCarmi (default CODEOWNER; no per-site assignee)	none recorded	2026-11-03 (audit follow-up, not exception extension)	Retain pending boundary/control review; reason is not proof. Run unfiltered advisory and triage per site.
retained	gosec + golangci/gosec	G304	internal/mcpacceptance/authoritative.go	58	58	preflightAuthoritative	root go.mod	default constraints	// #nosec G304 -- operator-supplied policy path, statted regular+bounded	See verbatim annotation; path ownership, reachable inputs and supported configuration require verification.	under investigation	annotation only; no protection verified per-site in this audit	Fast PR Gate root race + golangci; QA root race on main/dispatch	@KidCarmi (default CODEOWNER; no per-site assignee)	none recorded	2026-11-03 (audit follow-up, not exception extension)	Retain pending boundary/control review; reason is not proof. Run unfiltered advisory and triage per site.
retained	gosec + golangci/gosec	G304,G122	internal/mcpacceptance/evidence.go	245	245	Scan	root go.mod	default constraints	// #nosec G304 G122 -- harness-owned evidence directory, not attacker-controlled	See verbatim annotation; path ownership, reachable inputs and supported configuration require verification.	under investigation	annotation only; no protection verified per-site in this audit	Fast PR Gate root race + golangci; QA root race on main/dispatch	@KidCarmi (default CODEOWNER; no per-site assignee)	none recorded	2026-11-03 (audit follow-up, not exception extension)	Retain pending boundary/control review; reason is not proof. Run unfiltered advisory and triage per site.
retained	gosec + golangci/gosec	G304,G122	internal/mcpacceptance/evidence.go	275	275	sha256File	root go.mod	default constraints	// #nosec G304 G122 -- harness-owned evidence directory, not attacker-controlled	See verbatim annotation; path ownership, reachable inputs and supported configuration require verification.	under investigation	annotation only; no protection verified per-site in this audit	Fast PR Gate root race + golangci; QA root race on main/dispatch	@KidCarmi (default CODEOWNER; no per-site assignee)	none recorded	2026-11-03 (audit follow-up, not exception extension)	Retain pending boundary/control review; reason is not proof. Run unfiltered advisory and triage per site.
retained	gosec + golangci/gosec	G304	internal/mcpacceptance/evidence.go	338	338	writeFile	root go.mod	default constraints	// #nosec G304 -- harness-owned evidence path, not attacker-controlled	See verbatim annotation; path ownership, reachable inputs and supported configuration require verification.	under investigation	annotation only; no protection verified per-site in this audit	Fast PR Gate root race + golangci; QA root race on main/dispatch	@KidCarmi (default CODEOWNER; no per-site assignee)	none recorded	2026-11-03 (audit follow-up, not exception extension)	Retain pending boundary/control review; reason is not proof. Run unfiltered advisory and triage per site.
retained	gosec + golangci/gosec	G304	internal/mcpacceptance/fixture.go	661	661	NewFixtureFromEnv	root go.mod	default constraints	// #nosec G304 -- operator path	See verbatim annotation; path ownership, reachable inputs and supported configuration require verification.	under investigation	annotation only; no protection verified per-site in this audit	Fast PR Gate root race + golangci; QA root race on main/dispatch	@KidCarmi (default CODEOWNER; no per-site assignee)	none recorded	2026-11-03 (audit follow-up, not exception extension)	Retain pending boundary/control review; reason is not proof. Run unfiltered advisory and triage per site.
retained	gosec + golangci/gosec	G304	internal/mcpacceptance/fixture.go	775	775	readSecretFile	root go.mod	default constraints	// #nosec G304 -- operator-supplied credential file path	See verbatim annotation; path ownership, reachable inputs and supported configuration require verification.	under investigation	annotation only; no protection verified per-site in this audit	Fast PR Gate root race + golangci; QA root race on main/dispatch	@KidCarmi (default CODEOWNER; no per-site assignee)	none recorded	2026-11-03 (audit follow-up, not exception extension)	Retain pending boundary/control review; reason is not proof. Run unfiltered advisory and triage per site.
retained	gosec + golangci/gosec	G304	internal/mcpacceptance/fixture.go	788	788	loadES256	root go.mod	default constraints	// #nosec G304 -- operator path	See verbatim annotation; path ownership, reachable inputs and supported configuration require verification.	under investigation	annotation only; no protection verified per-site in this audit	Fast PR Gate root race + golangci; QA root race on main/dispatch	@KidCarmi (default CODEOWNER; no per-site assignee)	none recorded	2026-11-03 (audit follow-up, not exception extension)	Retain pending boundary/control review; reason is not proof. Run unfiltered advisory and triage per site.
retained	gosec + golangci/gosec	G304	internal/mcpacceptance/harness.go	395	395	copyLogs	root go.mod	default constraints	// #nosec G304 -- harness-owned log	See verbatim annotation; path ownership, reachable inputs and supported configuration require verification.	under investigation	annotation only; no protection verified per-site in this audit	Fast PR Gate root race + golangci; QA root race on main/dispatch	@KidCarmi (default CODEOWNER; no per-site assignee)	none recorded	2026-11-03 (audit follow-up, not exception extension)	Retain pending boundary/control review; reason is not proof. Run unfiltered advisory and triage per site.
retained	gosec + golangci/gosec	G304	internal/mcpacceptance/pki.go	83	83	loadCAPool	root go.mod	default constraints	// #nosec G304 -- operator-supplied trust-root path	See verbatim annotation; path ownership, reachable inputs and supported configuration require verification.	under investigation	annotation only; no protection verified per-site in this audit	Fast PR Gate root race + golangci; QA root race on main/dispatch	@KidCarmi (default CODEOWNER; no per-site assignee)	none recorded	2026-11-03 (audit follow-up, not exception extension)	Retain pending boundary/control review; reason is not proof. Run unfiltered advisory and triage per site.
retained	gosec + golangci/gosec	G204	internal/mcpacceptance/process.go	78	78	startProcess	root go.mod	default constraints	// #nosec G204 -- binary path and flags are harness-controlled, not user input.	See verbatim annotation; path ownership, reachable inputs and supported configuration require verification.	under investigation	annotation only; no protection verified per-site in this audit	Fast PR Gate root race + golangci; QA root race on main/dispatch	@KidCarmi (default CODEOWNER; no per-site assignee)	none recorded	2026-11-03 (audit follow-up, not exception extension)	Retain pending boundary/control review; reason is not proof. Run unfiltered advisory and triage per site.
retained	gosec + golangci/gosec	G204	internal/mcpacceptance/process.go	168	168	startProcessRaw	root go.mod	default constraints	// #nosec G204 -- binary path and flags are harness-controlled, not user input.	See verbatim annotation; path ownership, reachable inputs and supported configuration require verification.	under investigation	annotation only; no protection verified per-site in this audit	Fast PR Gate root race + golangci; QA root race on main/dispatch	@KidCarmi (default CODEOWNER; no per-site assignee)	none recorded	2026-11-03 (audit follow-up, not exception extension)	Retain pending boundary/control review; reason is not proof. Run unfiltered advisory and triage per site.
retained	gosec + golangci/gosec	G304	internal/mcpacceptance/spec.go	224	224	LoadSpec	root go.mod	default constraints	// #nosec G304 -- operator-supplied spec path	See verbatim annotation; path ownership, reachable inputs and supported configuration require verification.	under investigation	annotation only; no protection verified per-site in this audit	Fast PR Gate root race + golangci; QA root race on main/dispatch	@KidCarmi (default CODEOWNER; no per-site assignee)	none recorded	2026-11-03 (audit follow-up, not exception extension)	Retain pending boundary/control review; reason is not proof. Run unfiltered advisory and triage per site.
retained	gosec + golangci/gosec	G304	internal/mcpacceptance/unit_test.go	362	362	TestNoQualificationWindowCalls	root go.mod	default constraints	// #nosec G304 -- test reads package-local source	Fixture confined to tests; real credentials/URLs must not enter shipped paths.	under investigation	TestNoQualificationWindowCalls	Fast PR Gate root race + golangci; QA root race on main/dispatch	@KidCarmi (default CODEOWNER; no per-site assignee)	none recorded	2026-11-03 (audit follow-up, not exception extension)	Fixture confinement not individually reverified; standalone gosec excludes tests, golangci may include them.
retained	gosec + golangci/gosec	G304	internal/mcpacceptance/unit_test.go	384	384	TestNoInternalMCPImports	root go.mod	default constraints	// #nosec G304 -- test reads package-local source	Fixture confined to tests; real credentials/URLs must not enter shipped paths.	under investigation	TestNoInternalMCPImports	Fast PR Gate root race + golangci; QA root race on main/dispatch	@KidCarmi (default CODEOWNER; no per-site assignee)	none recorded	2026-11-03 (audit follow-up, not exception extension)	Fixture confinement not individually reverified; standalone gosec excludes tests, golangci may include them.
retained	gosec + golangci/gosec	G304	internal/nodegroup/nodegroup.go	40	40	NewStore	root go.mod	default constraints	// #nosec G304 -- operator-configured store path	See verbatim annotation; path ownership, reachable inputs and supported configuration require verification.	under investigation	annotation only; no protection verified per-site in this audit	Fast PR Gate root race + golangci; QA root race on main/dispatch	@KidCarmi (default CODEOWNER; no per-site assignee)	none recorded	2026-11-03 (audit follow-up, not exception extension)	Retain pending boundary/control review; reason is not proof. Run unfiltered advisory and triage per site.
retained	golangci/gosec only	all rules (no explicit ID)	internal/obs/sanitize_test.go	67	67	TestSanitize_DifferentialRandomized	root go.mod	default constraints	//nolint:gosec // deterministic test corpus, not crypto	Fixture confined to tests; real credentials/URLs must not enter shipped paths.	under investigation	TestSanitize_DifferentialRandomized	Fast PR Gate root race + golangci; QA root race on main/dispatch	@KidCarmi (default CODEOWNER; no per-site assignee)	none recorded	2026-11-03 (audit follow-up, not exception extension)	Fixture confinement not individually reverified; standalone gosec excludes tests, golangci may include them.
retained	gosec + golangci/gosec	G107	internal/ocsp/ocsp.go	636	636	queryOCSP	root go.mod	default constraints	// #nosec G107 -- scheme + ssrf.PrivateHost guard above, SSRF-controlled dialer below	See verbatim annotation; path ownership, reachable inputs and supported configuration require verification.	under investigation	annotation only; no protection verified per-site in this audit	Fast PR Gate root race + golangci; QA root race on main/dispatch	@KidCarmi (default CODEOWNER; no per-site assignee)	none recorded	2026-11-03 (audit follow-up, not exception extension)	Retain pending boundary/control review; reason is not proof. Run unfiltered advisory and triage per site.
retained	gosec + golangci/gosec	G304	internal/pac/exceptions.go	117	117	Load	root go.mod	default constraints	// #nosec G304 -- operator-configured store path	See verbatim annotation; path ownership, reachable inputs and supported configuration require verification.	under investigation	annotation only; no protection verified per-site in this audit	Fast PR Gate root race + golangci; QA root race on main/dispatch	@KidCarmi (default CODEOWNER; no per-site assignee)	none recorded	2026-11-03 (audit follow-up, not exception extension)	Retain pending boundary/control review; reason is not proof. Run unfiltered advisory and triage per site.
retained	gosec + golangci/gosec	G304	internal/pac/exceptions_durability_test.go	75	75	TestDurability_PutWritesValidAtomic0600	root go.mod	default constraints	// #nosec G304 -- test temp path	Fixture confined to tests; real credentials/URLs must not enter shipped paths.	under investigation	TestDurability_PutWritesValidAtomic0600	Fast PR Gate root race + golangci; QA root race on main/dispatch	@KidCarmi (default CODEOWNER; no per-site assignee)	none recorded	2026-11-03 (audit follow-up, not exception extension)	Fixture confinement not individually reverified; standalone gosec excludes tests, golangci may include them.
retained	gosec + golangci/gosec	G404	internal/pac/inventory_generated_test.go	21	21	TestInventory_NoUnderReport_Generated	root go.mod	default constraints	// #nosec G404 -- deterministic seeded generator for reproducible test	Fixture confined to tests; real credentials/URLs must not enter shipped paths.	under investigation	TestInventory_NoUnderReport_Generated	Fast PR Gate root race + golangci; QA root race on main/dispatch	@KidCarmi (default CODEOWNER; no per-site assignee)	none recorded	2026-11-03 (audit follow-up, not exception extension)	Fixture confinement not individually reverified; standalone gosec excludes tests, golangci may include them.
retained	gosec + golangci/gosec	G304	internal/pac/lifecycle_store.go	101	101	Load	root go.mod	default constraints	// #nosec G304 -- operator-configured store path	See verbatim annotation; path ownership, reachable inputs and supported configuration require verification.	under investigation	annotation only; no protection verified per-site in this audit	Fast PR Gate root race + golangci; QA root race on main/dispatch	@KidCarmi (default CODEOWNER; no per-site assignee)	none recorded	2026-11-03 (audit follow-up, not exception extension)	Retain pending boundary/control review; reason is not proof. Run unfiltered advisory and triage per site.
retained	gosec + golangci/gosec	G304	internal/pac/lifecycle_store.go	476	476	loadResetRecordLocked	root go.mod	default constraints	// #nosec G304 -- derived from the operator-configured store path	See verbatim annotation; path ownership, reachable inputs and supported configuration require verification.	under investigation	annotation only; no protection verified per-site in this audit	Fast PR Gate root race + golangci; QA root race on main/dispatch	@KidCarmi (default CODEOWNER; no per-site assignee)	none recorded	2026-11-03 (audit follow-up, not exception extension)	Retain pending boundary/control review; reason is not proof. Run unfiltered advisory and triage per site.
retained	gosec + golangci/gosec	G304	internal/pac/pac.go	67	67	Load	root go.mod	default constraints	// #nosec G304 -- operator-configured store path	See verbatim annotation; path ownership, reachable inputs and supported configuration require verification.	under investigation	annotation only; no protection verified per-site in this audit	Fast PR Gate root race + golangci; QA root race on main/dispatch	@KidCarmi (default CODEOWNER; no per-site assignee)	none recorded	2026-11-03 (audit follow-up, not exception extension)	Retain pending boundary/control review; reason is not proof. Run unfiltered advisory and triage per site.
retained	gosec + golangci/gosec	G304	internal/pac/profiles.go	192	192	Load	root go.mod	default constraints	// #nosec G304 -- operator-configured store path	See verbatim annotation; path ownership, reachable inputs and supported configuration require verification.	under investigation	annotation only; no protection verified per-site in this audit	Fast PR Gate root race + golangci; QA root race on main/dispatch	@KidCarmi (default CODEOWNER; no per-site assignee)	none recorded	2026-11-03 (audit follow-up, not exception extension)	Retain pending boundary/control review; reason is not proof. Run unfiltered advisory and triage per site.
retained	gosec + golangci/gosec	G115	internal/policylearn/pseudonym.go	100	100	token	root go.mod	default constraints	// #nosec G115 -- len() is non-negative and identifiers are far below 4 GiB; the frame format is a pinned token identity, do not widen	See verbatim annotation; path ownership, reachable inputs and supported configuration require verification.	under investigation	annotation only; no protection verified per-site in this audit	Fast PR Gate root race + golangci; QA root race on main/dispatch	@KidCarmi (default CODEOWNER; no per-site assignee)	none recorded	2026-11-03 (audit follow-up, not exception extension)	Retain pending boundary/control review; reason is not proof. Run unfiltered advisory and triage per site.
retained	gosec + golangci/gosec	G115	internal/policylearn/pseudonym.go	103	103	token	root go.mod	default constraints	// #nosec G115 -- same bound; pinned token-identity framing	See verbatim annotation; path ownership, reachable inputs and supported configuration require verification.	under investigation	annotation only; no protection verified per-site in this audit	Fast PR Gate root race + golangci; QA root race on main/dispatch	@KidCarmi (default CODEOWNER; no per-site assignee)	none recorded	2026-11-03 (audit follow-up, not exception extension)	Retain pending boundary/control review; reason is not proof. Run unfiltered advisory and triage per site.
retained	gosec + golangci/gosec	G115	internal/policylearn/recommend.go	452	452	guardrailsHashFor	root go.mod	default constraints	// #nosec G115 -- category names are far below 4 GiB; GuardrailsHash framing is a pinned identity, do not widen	See verbatim annotation; path ownership, reachable inputs and supported configuration require verification.	under investigation	annotation only; no protection verified per-site in this audit	Fast PR Gate root race + golangci; QA root race on main/dispatch	@KidCarmi (default CODEOWNER; no per-site assignee)	none recorded	2026-11-03 (audit follow-up, not exception extension)	Retain pending boundary/control review; reason is not proof. Run unfiltered advisory and triage per site.
retained	gosec + golangci/gosec	G115	internal/policylearn/recommend.go	911	911	recID	root go.mod	default constraints	// #nosec G115 -- framed IDs are far below 4 GiB; recID framing is a pinned identity, do not widen	See verbatim annotation; path ownership, reachable inputs and supported configuration require verification.	under investigation	annotation only; no protection verified per-site in this audit	Fast PR Gate root race + golangci; QA root race on main/dispatch	@KidCarmi (default CODEOWNER; no per-site assignee)	none recorded	2026-11-03 (audit follow-up, not exception extension)	Retain pending boundary/control review; reason is not proof. Run unfiltered advisory and triage per site.
retained	gosec + golangci/gosec	G101	internal/redaction/redactor_retained_test.go	33	33	TestRetained_SurfacesInternalFreeForm	root go.mod	default constraints	// #nosec G101 -- test fixture, not a real credential; shapeless, the scrubber leaves it	Fixture confined to tests; real credentials/URLs must not enter shipped paths.	under investigation	TestRetained_SurfacesInternalFreeForm	Fast PR Gate root race + golangci; QA root race on main/dispatch	@KidCarmi (default CODEOWNER; no per-site assignee)	none recorded	2026-11-03 (audit follow-up, not exception extension)	Fixture confinement not individually reverified; standalone gosec excludes tests, golangci may include them.
retained	gosec + golangci/gosec	G101	internal/redaction/redactor_test.go	30	30	file/declaration (inspect attached AST node)	root go.mod	default constraints	// #nosec G101 -- test fixture, not a real credential	Fixture confined to tests; real credentials/URLs must not enter shipped paths.	under investigation	test helper (callers not individually mapped)	Fast PR Gate root race + golangci; QA root race on main/dispatch	@KidCarmi (default CODEOWNER; no per-site assignee)	none recorded	2026-11-03 (audit follow-up, not exception extension)	Fixture confinement not individually reverified; standalone gosec excludes tests, golangci may include them.
retained	gosec + golangci/gosec	G101	internal/redaction/redactor_test.go	32	32	file/declaration (inspect attached AST node)	root go.mod	default constraints	// #nosec G101 -- test fixture, not a real credential	Fixture confined to tests; real credentials/URLs must not enter shipped paths.	under investigation	test helper (callers not individually mapped)	Fast PR Gate root race + golangci; QA root race on main/dispatch	@KidCarmi (default CODEOWNER; no per-site assignee)	none recorded	2026-11-03 (audit follow-up, not exception extension)	Fixture confinement not individually reverified; standalone gosec excludes tests, golangci may include them.
retained	gosec + golangci/gosec	G304	internal/reqlog/persist_test.go	205	205	TestClose_DrainsQueue	root go.mod	default constraints	// #nosec G304 -- test temp path	Fixture confined to tests; real credentials/URLs must not enter shipped paths.	under investigation	TestClose_DrainsQueue	Fast PR Gate root race + golangci; QA root race on main/dispatch	@KidCarmi (default CODEOWNER; no per-site assignee)	none recorded	2026-11-03 (audit follow-up, not exception extension)	Fixture confinement not individually reverified; standalone gosec excludes tests, golangci may include them.
retained	gosec + golangci/gosec	G304	internal/reqlog/reqlog.go	236	236	ReadPersistent	root go.mod	default constraints	// #nosec G304 -- operator-configured path	See verbatim annotation; path ownership, reachable inputs and supported configuration require verification.	under investigation	annotation only; no protection verified per-site in this audit	Fast PR Gate root race + golangci; QA root race on main/dispatch	@KidCarmi (default CODEOWNER; no per-site assignee)	none recorded	2026-11-03 (audit follow-up, not exception extension)	Retain pending boundary/control review; reason is not proof. Run unfiltered advisory and triage per site.
retained	gosec + golangci/gosec	G304	internal/reqlog/reqlog_test.go	87	87	TestInit	root go.mod	default constraints	// #nosec G304 -- test temp path	Fixture confined to tests; real credentials/URLs must not enter shipped paths.	under investigation	TestInit	Fast PR Gate root race + golangci; QA root race on main/dispatch	@KidCarmi (default CODEOWNER; no per-site assignee)	none recorded	2026-11-03 (audit follow-up, not exception extension)	Fixture confinement not individually reverified; standalone gosec excludes tests, golangci may include them.
retained	gosec + golangci/gosec	G304	internal/scanexcl/scanexcl.go	47	47	Load	root go.mod	default constraints	// #nosec G304 -- admin-configured path	See verbatim annotation; path ownership, reachable inputs and supported configuration require verification.	under investigation	annotation only; no protection verified per-site in this audit	Fast PR Gate root race + golangci; QA root race on main/dispatch	@KidCarmi (default CODEOWNER; no per-site assignee)	none recorded	2026-11-03 (audit follow-up, not exception extension)	Retain pending boundary/control review; reason is not proof. Run unfiltered advisory and triage per site.
retained	gosec + golangci/gosec	G304	internal/scanner/scanner.go	173	173	Load	root go.mod	default constraints	// #nosec G304 -- operator-configured path	See verbatim annotation; path ownership, reachable inputs and supported configuration require verification.	under investigation	annotation only; no protection verified per-site in this audit	Fast PR Gate root race + golangci; QA root race on main/dispatch	@KidCarmi (default CODEOWNER; no per-site assignee)	none recorded	2026-11-03 (audit follow-up, not exception extension)	Retain pending boundary/control review; reason is not proof. Run unfiltered advisory and triage per site.
retained	gosec + golangci/gosec	G306	internal/secret/secret_test.go	235	235	TestFileProviderRejectsTooPermissive	root go.mod	default constraints	// #nosec G306 -- deliberately 0644: this test verifies a too-permissive KEK file is REJECTED.	Fixture confined to tests; real credentials/URLs must not enter shipped paths.	under investigation	TestFileProviderRejectsTooPermissive	Fast PR Gate root race + golangci; QA root race on main/dispatch	@KidCarmi (default CODEOWNER; no per-site assignee)	none recorded	2026-11-03 (audit follow-up, not exception extension)	Fixture confinement not individually reverified; standalone gosec excludes tests, golangci may include them.
retained	gosec + golangci/gosec	G304	internal/sslbypass/sslbypass.go	89	89	Load	root go.mod	default constraints	// #nosec G304 -- operator-configured path	See verbatim annotation; path ownership, reachable inputs and supported configuration require verification.	under investigation	annotation only; no protection verified per-site in this audit	Fast PR Gate root race + golangci; QA root race on main/dispatch	@KidCarmi (default CODEOWNER; no per-site assignee)	none recorded	2026-11-03 (audit follow-up, not exception extension)	Retain pending boundary/control review; reason is not proof. Run unfiltered advisory and triage per site.
retained	gosec + golangci/gosec	G115	internal/ssrf/privateaddr_test.go	271	271	TestPrivateAddr_RandomizedAgreement	root go.mod	default constraints	// #nosec G115 -- v is a uint32; each shifted byte is bounded by construction	Fixture confined to tests; real credentials/URLs must not enter shipped paths.	under investigation	TestPrivateAddr_RandomizedAgreement	Fast PR Gate root race + golangci; QA root race on main/dispatch	@KidCarmi (default CODEOWNER; no per-site assignee)	none recorded	2026-11-03 (audit follow-up, not exception extension)	Fixture confinement not individually reverified; standalone gosec excludes tests, golangci may include them.
retained	gosec + golangci/gosec	G115	internal/ssrf/privateaddr_test.go	282	282	TestPrivateAddr_RandomizedAgreement	root go.mod	default constraints	// #nosec G115 -- hi < 0x10000 by the loop bound	Fixture confined to tests; real credentials/URLs must not enter shipped paths.	under investigation	TestPrivateAddr_RandomizedAgreement	Fast PR Gate root race + golangci; QA root race on main/dispatch	@KidCarmi (default CODEOWNER; no per-site assignee)	none recorded	2026-11-03 (audit follow-up, not exception extension)	Fixture confinement not individually reverified; standalone gosec excludes tests, golangci may include them.
retained	gosec + golangci/gosec	G115	internal/supportmetrics/hash.go	86	86	writeBucketLadder	root go.mod	default constraints	// #nosec G115 -- code-defined ladder, never attacker-sized	See verbatim annotation; path ownership, reachable inputs and supported configuration require verification.	under investigation	annotation only; no protection verified per-site in this audit	Fast PR Gate root race + golangci; QA root race on main/dispatch	@KidCarmi (default CODEOWNER; no per-site assignee)	none recorded	2026-11-03 (audit follow-up, not exception extension)	Retain pending boundary/control review; reason is not proof. Run unfiltered advisory and triage per site.
retained	gosec + golangci/gosec	G115	internal/supportmetrics/hash.go	89	89	writeBucketLadder	root go.mod	default constraints	// #nosec G115 -- code-defined label, never attacker-sized	See verbatim annotation; path ownership, reachable inputs and supported configuration require verification.	under investigation	annotation only; no protection verified per-site in this audit	Fast PR Gate root race + golangci; QA root race on main/dispatch	@KidCarmi (default CODEOWNER; no per-site assignee)	none recorded	2026-11-03 (audit follow-up, not exception extension)	Retain pending boundary/control review; reason is not proof. Run unfiltered advisory and triage per site.
retained	gosec + golangci/gosec	G115	internal/supportmetrics/hash.go	93	93	writeBucketLadder	root go.mod	default constraints	// #nosec G115 -- code-defined ladder, never attacker-sized	See verbatim annotation; path ownership, reachable inputs and supported configuration require verification.	under investigation	annotation only; no protection verified per-site in this audit	Fast PR Gate root race + golangci; QA root race on main/dispatch	@KidCarmi (default CODEOWNER; no per-site assignee)	none recorded	2026-11-03 (audit follow-up, not exception extension)	Retain pending boundary/control review; reason is not proof. Run unfiltered advisory and triage per site.
retained	gosec + golangci/gosec	G304	internal/threatfeed/threatfeed.go	1028	1028	loadFromDisk	root go.mod	default constraints	// #nosec G304 -- admin-configured path	See verbatim annotation; path ownership, reachable inputs and supported configuration require verification.	under investigation	annotation only; no protection verified per-site in this audit	Fast PR Gate root race + golangci; QA root race on main/dispatch	@KidCarmi (default CODEOWNER; no per-site assignee)	none recorded	2026-11-03 (audit follow-up, not exception extension)	Retain pending boundary/control review; reason is not proof. Run unfiltered advisory and triage per site.
retained	gosec + golangci/gosec	G101	internal/totp/keyidentity_test.go	21	21	file/declaration (inspect attached AST node)	root go.mod	default constraints	// #nosec G101 -- RFC 6238 test vector, not a real credential	Fixture confined to tests; real credentials/URLs must not enter shipped paths.	under investigation	test helper (callers not individually mapped)	Fast PR Gate root race + golangci; QA root race on main/dispatch	@KidCarmi (default CODEOWNER; no per-site assignee)	none recorded	2026-11-03 (audit follow-up, not exception extension)	Fixture confinement not individually reverified; standalone gosec excludes tests, golangci may include them.
retained	gosec + golangci/gosec	G101	internal/totp/keyidentity_test.go	101	101	TestSameKey_DifferentKeysAreNotTheSame	root go.mod	default constraints	// #nosec G101 -- test vector, not a real credential	Fixture confined to tests; real credentials/URLs must not enter shipped paths.	under investigation	TestSameKey_DifferentKeysAreNotTheSame	Fast PR Gate root race + golangci; QA root race on main/dispatch	@KidCarmi (default CODEOWNER; no per-site assignee)	none recorded	2026-11-03 (audit follow-up, not exception extension)	Fixture confinement not individually reverified; standalone gosec excludes tests, golangci may include them.
retained	gosec + golangci/gosec	G101	internal/totp/keyidentity_test.go	188	188	TestSameKey_AgreesWithTheVerifier	root go.mod	default constraints	// #nosec G101 -- test vector, not a real credential	Fixture confined to tests; real credentials/URLs must not enter shipped paths.	under investigation	TestSameKey_AgreesWithTheVerifier	Fast PR Gate root race + golangci; QA root race on main/dispatch	@KidCarmi (default CODEOWNER; no per-site assignee)	none recorded	2026-11-03 (audit follow-up, not exception extension)	Fixture confinement not individually reverified; standalone gosec excludes tests, golangci may include them.
retained	gosec + golangci/gosec	G505	internal/totp/totp.go	9	9	file/declaration (inspect attached AST node)	root go.mod	default constraints	// #nosec G505 — RFC 6238 TOTP mandates HMAC-SHA1	See verbatim annotation; path ownership, reachable inputs and supported configuration require verification.	under investigation	annotation only; no protection verified per-site in this audit	Fast PR Gate root race + golangci; QA root race on main/dispatch	@KidCarmi (default CODEOWNER; no per-site assignee)	none recorded	2026-11-03 (audit follow-up, not exception extension)	Retain pending boundary/control review; reason is not proof. Run unfiltered advisory and triage per site.
retained	gosec + golangci/gosec	G115	internal/totp/totp.go	151	151	hotp	root go.mod	default constraints	// #nosec G115 — counter is always positive (Unix timestamp / 30)	See verbatim annotation; path ownership, reachable inputs and supported configuration require verification.	under investigation	annotation only; no protection verified per-site in this audit	Fast PR Gate root race + golangci; QA root race on main/dispatch	@KidCarmi (default CODEOWNER; no per-site assignee)	none recorded	2026-11-03 (audit follow-up, not exception extension)	Retain pending boundary/control review; reason is not proof. Run unfiltered advisory and triage per site.
retained	gosec + golangci/gosec	G101	internal/totp/totp_test.go	42	42	TestVerifyTOTPReturnCounter_ReplayRejected	root go.mod	default constraints	// #nosec G101 -- RFC 6238 test vector, not a real credential	Fixture confined to tests; real credentials/URLs must not enter shipped paths.	under investigation	TestVerifyTOTPReturnCounter_ReplayRejected	Fast PR Gate root race + golangci; QA root race on main/dispatch	@KidCarmi (default CODEOWNER; no per-site assignee)	none recorded	2026-11-03 (audit follow-up, not exception extension)	Fixture confinement not individually reverified; standalone gosec excludes tests, golangci may include them.
retained	gosec + golangci/gosec	G101	internal/totp/totp_test.go	78	78	TestVerifyTOTPReturnCounter_SkewWindow	root go.mod	default constraints	// #nosec G101 -- RFC 6238 test vector, not a real credential	Fixture confined to tests; real credentials/URLs must not enter shipped paths.	under investigation	TestVerifyTOTPReturnCounter_SkewWindow	Fast PR Gate root race + golangci; QA root race on main/dispatch	@KidCarmi (default CODEOWNER; no per-site assignee)	none recorded	2026-11-03 (audit follow-up, not exception extension)	Fixture confinement not individually reverified; standalone gosec excludes tests, golangci may include them.
retained	gosec + golangci/gosec	G101	internal/totp/totp_test.go	104	104	TestVerifyTOTP_RejectsNonDigitCode	root go.mod	default constraints	// #nosec G101 -- RFC 6238 test vector, not a real credential	Fixture confined to tests; real credentials/URLs must not enter shipped paths.	under investigation	TestVerifyTOTP_RejectsNonDigitCode	Fast PR Gate root race + golangci; QA root race on main/dispatch	@KidCarmi (default CODEOWNER; no per-site assignee)	none recorded	2026-11-03 (audit follow-up, not exception extension)	Fixture confinement not individually reverified; standalone gosec excludes tests, golangci may include them.
retained	gosec + golangci/gosec	G101	internal/totp/totp_test.go	131	131	TestVerifyTOTP_InvalidCode	root go.mod	default constraints	// #nosec G101 -- RFC 6238 test vector, not a real credential	Fixture confined to tests; real credentials/URLs must not enter shipped paths.	under investigation	TestVerifyTOTP_InvalidCode	Fast PR Gate root race + golangci; QA root race on main/dispatch	@KidCarmi (default CODEOWNER; no per-site assignee)	none recorded	2026-11-03 (audit follow-up, not exception extension)	Fixture confinement not individually reverified; standalone gosec excludes tests, golangci may include them.
retained	gosec + golangci/gosec	G101	internal/totp/totp_test.go	152	152	TestVerifyTOTP_TrimsWhitespace	root go.mod	default constraints	// #nosec G101 -- RFC 6238 test vector, not a real credential	Fixture confined to tests; real credentials/URLs must not enter shipped paths.	under investigation	TestVerifyTOTP_TrimsWhitespace	Fast PR Gate root race + golangci; QA root race on main/dispatch	@KidCarmi (default CODEOWNER; no per-site assignee)	none recorded	2026-11-03 (audit follow-up, not exception extension)	Fixture confinement not individually reverified; standalone gosec excludes tests, golangci may include them.
retained	gosec + golangci/gosec	G101	internal/uitls/uitls.go	364	364	queryAWSMetadata	root go.mod	default constraints	// #nosec G101 -- not a credential; IMDS session endpoint URL	See verbatim annotation; path ownership, reachable inputs and supported configuration require verification.	under investigation	annotation only; no protection verified per-site in this audit	Fast PR Gate root race + golangci; QA root race on main/dispatch	@KidCarmi (default CODEOWNER; no per-site assignee)	none recorded	2026-11-03 (audit follow-up, not exception extension)	Retain pending boundary/control review; reason is not proof. Run unfiltered advisory and triage per site.
retained	gosec + golangci/gosec	G101	internal/uitls/uitls.go	371	371	queryAWSMetadata	root go.mod	default constraints	// #nosec G101 -- AWS IMDS header name, not a credential	See verbatim annotation; path ownership, reachable inputs and supported configuration require verification.	under investigation	annotation only; no protection verified per-site in this audit	Fast PR Gate root race + golangci; QA root race on main/dispatch	@KidCarmi (default CODEOWNER; no per-site assignee)	none recorded	2026-11-03 (audit follow-up, not exception extension)	Retain pending boundary/control review; reason is not proof. Run unfiltered advisory and triage per site.
retained	golangci/gosec only	G101	internal/upstream/authenticated_url_wall_test.go	74	74	TestWall_PeriodicLoopLabelsSourceAndSeamIsCredentialFree	root go.mod	default constraints	//nolint:gosec // G101: fixture credential in a test URL, not a secret	Fixture confined to tests; real credentials/URLs must not enter shipped paths.	under investigation	TestWall_PeriodicLoopLabelsSourceAndSeamIsCredentialFree	Fast PR Gate root race + golangci; QA root race on main/dispatch	@KidCarmi (default CODEOWNER; no per-site assignee)	none recorded	2026-11-03 (audit follow-up, not exception extension)	Fixture confinement not individually reverified; standalone gosec excludes tests, golangci may include them.
retained	gosec + golangci/gosec	G304	internal/upstream/credkey.go	54	54	OpenKey	root go.mod	default constraints	// #nosec G304 -- derived from the operator-configured data dir	See verbatim annotation; path ownership, reachable inputs and supported configuration require verification.	under investigation	annotation only; no protection verified per-site in this audit	Fast PR Gate root race + golangci; QA root race on main/dispatch	@KidCarmi (default CODEOWNER; no per-site assignee)	none recorded	2026-11-03 (audit follow-up, not exception extension)	Retain pending boundary/control review; reason is not proof. Run unfiltered advisory and triage per site.
retained	gosec + golangci/gosec	G101	internal/upstream/upstream_test.go	409	409	TestPool_EntriesAreCredentialFreeAndPasswordURLsRefused	root go.mod	default constraints	// #nosec G101 -- fake userinfo in a reserved .test URL	Fixture confined to tests; real credentials/URLs must not enter shipped paths.	under investigation	TestPool_EntriesAreCredentialFreeAndPasswordURLsRefused	Fast PR Gate root race + golangci; QA root race on main/dispatch	@KidCarmi (default CODEOWNER; no per-site assignee)	none recorded	2026-11-03 (audit follow-up, not exception extension)	Fixture confinement not individually reverified; standalone gosec excludes tests, golangci may include them.
retained	golangci/gosec only	G101	internal/upstream/v2_test.go	333	333	TestV2C_YAMLInlineCredentialRetainedInMemoryOnly	root go.mod	default constraints	//nolint:gosec // G101: fixture credential in a test URL, not a secret	Fixture confined to tests; real credentials/URLs must not enter shipped paths.	under investigation	TestV2C_YAMLInlineCredentialRetainedInMemoryOnly	Fast PR Gate root race + golangci; QA root race on main/dispatch	@KidCarmi (default CODEOWNER; no per-site assignee)	none recorded	2026-11-03 (audit follow-up, not exception extension)	Fixture confinement not individually reverified; standalone gosec excludes tests, golangci may include them.
retained	gosec + golangci/gosec	G304	internal/urlcat/urlcat.go	469	469	Load	root go.mod	default constraints	// #nosec G304 -- operator-configured path	See verbatim annotation; path ownership, reachable inputs and supported configuration require verification.	under investigation	annotation only; no protection verified per-site in this audit	Fast PR Gate root race + golangci; QA root race on main/dispatch	@KidCarmi (default CODEOWNER; no per-site assignee)	none recorded	2026-11-03 (audit follow-up, not exception extension)	Retain pending boundary/control review; reason is not proof. Run unfiltered advisory and triage per site.
retained	gosec + golangci/gosec	G115	internal/urlcat/urlcat.go	952	952	addHostToIndexes	root go.mod	default constraints	// #nosec G115 -- slice indices: non-negative and bounded by len	See verbatim annotation; path ownership, reachable inputs and supported configuration require verification.	under investigation	annotation only; no protection verified per-site in this audit	Fast PR Gate root race + golangci; QA root race on main/dispatch	@KidCarmi (default CODEOWNER; no per-site assignee)	none recorded	2026-11-03 (audit follow-up, not exception extension)	Retain pending boundary/control review; reason is not proof. Run unfiltered advisory and triage per site.
retained	gosec + golangci/gosec	G404	internal/urlcat/urlcat_lookup_index_test.go	161	161	TestLookupIndex_MatchesReferenceScanRandomized	root go.mod	default constraints	// #nosec G404 -- deterministic seeded generator for reproducible test data	Fixture confined to tests; real credentials/URLs must not enter shipped paths.	under investigation	TestLookupIndex_MatchesReferenceScanRandomized	Fast PR Gate root race + golangci; QA root race on main/dispatch	@KidCarmi (default CODEOWNER; no per-site assignee)	none recorded	2026-11-03 (audit follow-up, not exception extension)	Fixture confinement not individually reverified; standalone gosec excludes tests, golangci may include them.
retained	golangci/gosec only	all rules (no explicit ID)	internal/urlcat/urlcat_matcheshost_key_test.go	92	92	TestCategoryKey_DifferentialAgainstLegacy	root go.mod	default constraints	//nolint:gosec // deterministic test corpus, not crypto	Fixture confined to tests; real credentials/URLs must not enter shipped paths.	under investigation	TestCategoryKey_DifferentialAgainstLegacy	Fast PR Gate root race + golangci; QA root race on main/dispatch	@KidCarmi (default CODEOWNER; no per-site assignee)	none recorded	2026-11-03 (audit follow-up, not exception extension)	Fixture confinement not individually reverified; standalone gosec excludes tests, golangci may include them.
retained	gosec + golangci/gosec	G304,G703	internal/yara/yara.go	328	328	ReadRule	root go.mod	default constraints	// #nosec G304,G703 -- name is regex-validated by sanitizeYARAName and	See verbatim annotation; path ownership, reachable inputs and supported configuration require verification.	under investigation	annotation only; no protection verified per-site in this audit	Fast PR Gate root race + golangci; QA root race on main/dispatch	@KidCarmi (default CODEOWNER; no per-site assignee)	none recorded	2026-11-03 (audit follow-up, not exception extension)	Retain pending boundary/control review; reason is not proof. Run unfiltered advisory and triage per site.
retained	gosec + golangci/gosec	G703	internal/yara/yara.go	355	355	WriteRule	root go.mod	default constraints	// #nosec G703 -- dir is the cleaned, admin-configured rules directory	See verbatim annotation; path ownership, reachable inputs and supported configuration require verification.	under investigation	annotation only; no protection verified per-site in this audit	Fast PR Gate root race + golangci; QA root race on main/dispatch	@KidCarmi (default CODEOWNER; no per-site assignee)	none recorded	2026-11-03 (audit follow-up, not exception extension)	Retain pending boundary/control review; reason is not proof. Run unfiltered advisory and triage per site.
retained	gosec + golangci/gosec	G304,G703	internal/yara/yara.go	360	360	WriteRule	root go.mod	default constraints	// #nosec G304,G703 -- path is validated by resolveRulePath; no	See verbatim annotation; path ownership, reachable inputs and supported configuration require verification.	under investigation	annotation only; no protection verified per-site in this audit	Fast PR Gate root race + golangci; QA root race on main/dispatch	@KidCarmi (default CODEOWNER; no per-site assignee)	none recorded	2026-11-03 (audit follow-up, not exception extension)	Retain pending boundary/control review; reason is not proof. Run unfiltered advisory and triage per site.
retained	gosec + golangci/gosec	G304,G703	internal/yara/yara.go	379	379	DeleteRule	root go.mod	default constraints	// #nosec G304,G703 -- path validated by resolveRulePath.	See verbatim annotation; path ownership, reachable inputs and supported configuration require verification.	under investigation	annotation only; no protection verified per-site in this audit	Fast PR Gate root race + golangci; QA root race on main/dispatch	@KidCarmi (default CODEOWNER; no per-site assignee)	none recorded	2026-11-03 (audit follow-up, not exception extension)	Retain pending boundary/control review; reason is not proof. Run unfiltered advisory and triage per site.
retained	gosec + golangci/gosec	G304,G703	internal/yara/yara.go	831	831	loadYARAFile	root go.mod	default constraints	// #nosec G304,G703 -- path comes from filepath.Glob over the admin-	See verbatim annotation; path ownership, reachable inputs and supported configuration require verification.	under investigation	annotation only; no protection verified per-site in this audit	Fast PR Gate root race + golangci; QA root race on main/dispatch	@KidCarmi (default CODEOWNER; no per-site assignee)	none recorded	2026-11-03 (audit follow-up, not exception extension)	Retain pending boundary/control review; reason is not proof. Run unfiltered advisory and triage per site.
retained	golangci/gosec only	all rules (no explicit ID)	list_backups.go	71	71	runListBackups	root go.mod	default constraints	//nolint:gosec // listing the operator-supplied backup dir is the whole point	See verbatim annotation; path ownership, reachable inputs and supported configuration require verification.	under investigation	annotation only; no protection verified per-site in this audit	Fast PR Gate root race + golangci; QA root race on main/dispatch	@KidCarmi (default CODEOWNER; no per-site assignee)	none recorded	2026-11-03 (audit follow-up, not exception extension)	Retain pending boundary/control review; reason is not proof. Run unfiltered advisory and triage per site.
retained	golangci/gosec only	all rules (no explicit ID)	list_backups.go	127	127	peekEncryptedMagic	root go.mod	default constraints	//nolint:gosec // intentional: classify the operator-supplied backup file	See verbatim annotation; path ownership, reachable inputs and supported configuration require verification.	under investigation	annotation only; no protection verified per-site in this audit	Fast PR Gate root race + golangci; QA root race on main/dispatch	@KidCarmi (default CODEOWNER; no per-site assignee)	none recorded	2026-11-03 (audit follow-up, not exception extension)	Retain pending boundary/control review; reason is not proof. Run unfiltered advisory and triage per site.
retained	golangci/gosec only	all rules (no explicit ID)	logger_async_test.go	74	74	TestSetupLogger_ReturnsFlushingCloser	root go.mod	default constraints	//nolint:gosec // test-controlled temp path	Fixture confined to tests; real credentials/URLs must not enter shipped paths.	under investigation	TestSetupLogger_ReturnsFlushingCloser	Fast PR Gate root race + golangci; QA root race on main/dispatch	@KidCarmi (default CODEOWNER; no per-site assignee)	none recorded	2026-11-03 (audit follow-up, not exception extension)	Fixture confinement not individually reverified; standalone gosec excludes tests, golangci may include them.
retained	golangci/gosec only	all rules (no explicit ID)	logger_async_test.go	114	114	TestSetupLogger_PreservesOrderAndContent	root go.mod	default constraints	//nolint:gosec // test-controlled temp path	Fixture confined to tests; real credentials/URLs must not enter shipped paths.	under investigation	TestSetupLogger_PreservesOrderAndContent	Fast PR Gate root race + golangci; QA root race on main/dispatch	@KidCarmi (default CODEOWNER; no per-site assignee)	none recorded	2026-11-03 (audit follow-up, not exception extension)	Fixture confinement not individually reverified; standalone gosec excludes tests, golangci may include them.
retained	golangci/gosec only	all rules (no explicit ID)	logger_async_test.go	150	150	TestSetupLogger_JSONModeStillEncodes	root go.mod	default constraints	//nolint:gosec // test-controlled temp path	Fixture confined to tests; real credentials/URLs must not enter shipped paths.	under investigation	TestSetupLogger_JSONModeStillEncodes	Fast PR Gate root race + golangci; QA root race on main/dispatch	@KidCarmi (default CODEOWNER; no per-site assignee)	none recorded	2026-11-03 (audit follow-up, not exception extension)	Fixture confinement not individually reverified; standalone gosec excludes tests, golangci may include them.
retained	golangci/gosec only	all rules (no explicit ID)	logger_async_test.go	179	179	TestSetupLogger_JSONModeBatchingPreservesRecordBoundaries	root go.mod	default constraints	//nolint:gosec // test-controlled temp path	Fixture confined to tests; real credentials/URLs must not enter shipped paths.	under investigation	TestSetupLogger_JSONModeBatchingPreservesRecordBoundaries	Fast PR Gate root race + golangci; QA root race on main/dispatch	@KidCarmi (default CODEOWNER; no per-site assignee)	none recorded	2026-11-03 (audit follow-up, not exception extension)	Fixture confinement not individually reverified; standalone gosec excludes tests, golangci may include them.
retained	golangci/gosec only	all rules (no explicit ID)	logger_async_test.go	234	234	TestSetupLogger_ConcurrentWritersLoseNothing	root go.mod	default constraints	//nolint:gosec // test-controlled temp path	Fixture confined to tests; real credentials/URLs must not enter shipped paths.	under investigation	TestSetupLogger_ConcurrentWritersLoseNothing	Fast PR Gate root race + golangci; QA root race on main/dispatch	@KidCarmi (default CODEOWNER; no per-site assignee)	none recorded	2026-11-03 (audit follow-up, not exception extension)	Fixture confinement not individually reverified; standalone gosec excludes tests, golangci may include them.
retained	gosec + golangci/gosec	G304	login_input_bounds_test.go	142	142	TestChaos63_OversizeUsernameNeverReachesTheDurableAuditLog	root go.mod	default constraints	// #nosec G304 -- test temp file	Fixture confined to tests; real credentials/URLs must not enter shipped paths.	under investigation	TestChaos63_OversizeUsernameNeverReachesTheDurableAuditLog	Fast PR Gate root race + golangci; QA root race on main/dispatch	@KidCarmi (default CODEOWNER; no per-site assignee)	none recorded	2026-11-03 (audit follow-up, not exception extension)	Fixture confinement not individually reverified; standalone gosec excludes tests, golangci may include them.
retained	gosec + golangci/gosec	G101	login_input_bounds_test.go	186	186	TestChaos63_LimitBoundaryIsExact	root go.mod	default constraints	// #nosec G101 -- test-only fixture	Fixture confined to tests; real credentials/URLs must not enter shipped paths.	under investigation	TestChaos63_LimitBoundaryIsExact	Fast PR Gate root race + golangci; QA root race on main/dispatch	@KidCarmi (default CODEOWNER; no per-site assignee)	none recorded	2026-11-03 (audit follow-up, not exception extension)	Fixture confinement not individually reverified; standalone gosec excludes tests, golangci may include them.
retained	gosec + golangci/gosec	G101	login_input_bounds_test.go	220	220	TestChaos63_ConfiguredOversizeUsernameStillAuthenticates	root go.mod	default constraints	// #nosec G101 -- test-only fixture	Fixture confined to tests; real credentials/URLs must not enter shipped paths.	under investigation	TestChaos63_ConfiguredOversizeUsernameStillAuthenticates	Fast PR Gate root race + golangci; QA root race on main/dispatch	@KidCarmi (default CODEOWNER; no per-site assignee)	none recorded	2026-11-03 (audit follow-up, not exception extension)	Fixture confinement not individually reverified; standalone gosec excludes tests, golangci may include them.
retained	gosec + golangci/gosec	G101	login_input_bounds_test.go	259	259	TestChaos63_LoginNameConfiguredMatchesVerifyUIUser	root go.mod	default constraints	// #nosec G101 -- test-only fixture	Fixture confined to tests; real credentials/URLs must not enter shipped paths.	under investigation	TestChaos63_LoginNameConfiguredMatchesVerifyUIUser	Fast PR Gate root race + golangci; QA root race on main/dispatch	@KidCarmi (default CODEOWNER; no per-site assignee)	none recorded	2026-11-03 (audit follow-up, not exception extension)	Fixture confinement not individually reverified; standalone gosec excludes tests, golangci may include them.
retained	gosec + golangci/gosec	G101	login_input_bounds_test.go	291	291	TestChaos63_OrdinaryLoginUnaffected	root go.mod	default constraints	// #nosec G101 -- test-only fixture	Fixture confined to tests; real credentials/URLs must not enter shipped paths.	under investigation	TestChaos63_OrdinaryLoginUnaffected	Fast PR Gate root race + golangci; QA root race on main/dispatch	@KidCarmi (default CODEOWNER; no per-site assignee)	none recorded	2026-11-03 (audit follow-up, not exception extension)	Fixture confinement not individually reverified; standalone gosec excludes tests, golangci may include them.
retained	gosec + golangci/gosec	G101	main.go	27	27	file/declaration (inspect attached AST node)	root go.mod	default constraints	// #nosec G101 -- env-var name, not a credential	See verbatim annotation; path ownership, reachable inputs and supported configuration require verification.	under investigation	annotation only; no protection verified per-site in this audit	Fast PR Gate root race + golangci; QA root race on main/dispatch	@KidCarmi (default CODEOWNER; no per-site assignee)	none recorded	2026-11-03 (audit follow-up, not exception extension)	Retain pending boundary/control review; reason is not proof. Run unfiltered advisory and triage per site.
retained	gosec + golangci/gosec	G101	main.go	29	29	file/declaration (inspect attached AST node)	root go.mod	default constraints	// #nosec G101 -- env-var name, not a credential	See verbatim annotation; path ownership, reachable inputs and supported configuration require verification.	under investigation	annotation only; no protection verified per-site in this audit	Fast PR Gate root race + golangci; QA root race on main/dispatch	@KidCarmi (default CODEOWNER; no per-site assignee)	none recorded	2026-11-03 (audit follow-up, not exception extension)	Retain pending boundary/control review; reason is not proof. Run unfiltered advisory and triage per site.
retained	gosec + golangci/gosec	G118	main.go	702	702	initLifecycleContext	root go.mod	default constraints	// #nosec G118 -- cancel is deferred in main()	See verbatim annotation; path ownership, reachable inputs and supported configuration require verification.	under investigation	annotation only; no protection verified per-site in this audit	Fast PR Gate root race + golangci; QA root race on main/dispatch	@KidCarmi (default CODEOWNER; no per-site assignee)	none recorded	2026-11-03 (audit follow-up, not exception extension)	Retain pending boundary/control review; reason is not proof. Run unfiltered advisory and triage per site.
retained	gosec + golangci/gosec	G304	main.go	1349	1349	seedYARARules	root go.mod	default constraints	// #nosec G304 -- src is from filepath.Glob on admin-configured bundledDir	See verbatim annotation; path ownership, reachable inputs and supported configuration require verification.	under investigation	annotation only; no protection verified per-site in this audit	Fast PR Gate root race + golangci; QA root race on main/dispatch	@KidCarmi (default CODEOWNER; no per-site assignee)	none recorded	2026-11-03 (audit follow-up, not exception extension)	Retain pending boundary/control review; reason is not proof. Run unfiltered advisory and triage per site.
retained	gosec + golangci/gosec	G703,G306	main.go	1360	1360	seedYARARules	root go.mod	default constraints	// #nosec G703,G306 -- dst is validated by filepath.Dir containment check above	See verbatim annotation; path ownership, reachable inputs and supported configuration require verification.	under investigation	annotation only; no protection verified per-site in this audit	Fast PR Gate root race + golangci; QA root race on main/dispatch	@KidCarmi (default CODEOWNER; no per-site assignee)	none recorded	2026-11-03 (audit follow-up, not exception extension)	Retain pending boundary/control review; reason is not proof. Run unfiltered advisory and triage per site.
retained	gosec + golangci/gosec	G304	mcp_canary_attestation.go	79	79	loadShadowExitAttestation	root go.mod	default constraints	// #nosec G304 -- fixed operator-owned path under dataDir	See verbatim annotation; path ownership, reachable inputs and supported configuration require verification.	under investigation	annotation only; no protection verified per-site in this audit	Fast PR Gate root race + golangci; QA root race on main/dispatch	@KidCarmi (default CODEOWNER; no per-site assignee)	none recorded	2026-11-03 (audit follow-up, not exception extension)	Retain pending boundary/control review; reason is not proof. Run unfiltered advisory and triage per site.
retained	gosec + golangci/gosec	G304	mcp_canary_attestation.go	105	105	sweepCorruptShadowExitAttestation	root go.mod	default constraints	// #nosec G304 -- fixed operator-owned path under dataDir	See verbatim annotation; path ownership, reachable inputs and supported configuration require verification.	under investigation	annotation only; no protection verified per-site in this audit	Fast PR Gate root race + golangci; QA root race on main/dispatch	@KidCarmi (default CODEOWNER; no per-site assignee)	none recorded	2026-11-03 (audit follow-up, not exception extension)	Retain pending boundary/control review; reason is not proof. Run unfiltered advisory and triage per site.
retained	gosec + golangci/gosec	G304	mcp_canary_coordinator_rehearsal.go	249	249	loadCoordinatorRehearsal	root go.mod	default constraints	// #nosec G304 -- fixed operator-owned path under dataDir	See verbatim annotation; path ownership, reachable inputs and supported configuration require verification.	under investigation	annotation only; no protection verified per-site in this audit	Fast PR Gate root race + golangci; QA root race on main/dispatch	@KidCarmi (default CODEOWNER; no per-site assignee)	none recorded	2026-11-03 (audit follow-up, not exception extension)	Retain pending boundary/control review; reason is not proof. Run unfiltered advisory and triage per site.
retained	golangci/gosec only	all rules (no explicit ID)	mcp_canary_credential_matrix_test.go	858	858	TestCredWall_LedgerStatesTheRealScanCount	root go.mod	default constraints	//nolint:gosec // fixed in-repo path	Fixture confined to tests; real credentials/URLs must not enter shipped paths.	under investigation	TestCredWall_LedgerStatesTheRealScanCount	Fast PR Gate root race + golangci; QA root race on main/dispatch	@KidCarmi (default CODEOWNER; no per-site assignee)	none recorded	2026-11-03 (audit follow-up, not exception extension)	Fixture confinement not individually reverified; standalone gosec excludes tests, golangci may include them.
retained	golangci/gosec only	all rules (no explicit ID)	mcp_canary_credential_matrix_test.go	968	968	TestCredWall_LedgerStatesTheCampaignSize	root go.mod	default constraints	//nolint:gosec // fixed in-repo path	Fixture confined to tests; real credentials/URLs must not enter shipped paths.	under investigation	TestCredWall_LedgerStatesTheCampaignSize	Fast PR Gate root race + golangci; QA root race on main/dispatch	@KidCarmi (default CODEOWNER; no per-site assignee)	none recorded	2026-11-03 (audit follow-up, not exception extension)	Fixture confinement not individually reverified; standalone gosec excludes tests, golangci may include them.
retained	golangci/gosec only	all rules (no explicit ID)	mcp_canary_credential_matrix_test.go	1080	1080	ledgerSection	root go.mod	default constraints	//nolint:gosec // fixed in-repo path	Fixture confined to tests; real credentials/URLs must not enter shipped paths.	under investigation	test helper (callers not individually mapped)	Fast PR Gate root race + golangci; QA root race on main/dispatch	@KidCarmi (default CODEOWNER; no per-site assignee)	none recorded	2026-11-03 (audit follow-up, not exception extension)	Fixture confinement not individually reverified; standalone gosec excludes tests, golangci may include them.
retained	golangci/gosec only	all rules (no explicit ID)	mcp_canary_credential_matrix_test.go	1109	1109	TestCredWall_LedgerCountsItsOwnQuotationPermissions	root go.mod	default constraints	//nolint:gosec // fixed in-repo path	Fixture confined to tests; real credentials/URLs must not enter shipped paths.	under investigation	TestCredWall_LedgerCountsItsOwnQuotationPermissions	Fast PR Gate root race + golangci; QA root race on main/dispatch	@KidCarmi (default CODEOWNER; no per-site assignee)	none recorded	2026-11-03 (audit follow-up, not exception extension)	Fixture confinement not individually reverified; standalone gosec excludes tests, golangci may include them.
retained	golangci/gosec only	all rules (no explicit ID)	mcp_canary_credential_matrix_test.go	1284	1284	TestCredWall_EveryClaimedSurfaceIsScanned	root go.mod	default constraints	//nolint:gosec // fixed in-repo path list, not caller input	Fixture confined to tests; real credentials/URLs must not enter shipped paths.	under investigation	TestCredWall_EveryClaimedSurfaceIsScanned	Fast PR Gate root race + golangci; QA root race on main/dispatch	@KidCarmi (default CODEOWNER; no per-site assignee)	none recorded	2026-11-03 (audit follow-up, not exception extension)	Fixture confinement not individually reverified; standalone gosec excludes tests, golangci may include them.
retained	golangci/gosec only	all rules (no explicit ID)	mcp_canary_credential_matrix_test.go	1358	1358	TestCredWall_AllowlistIsNotStale	root go.mod	default constraints	//nolint:gosec // fixed in-repo path	Fixture confined to tests; real credentials/URLs must not enter shipped paths.	under investigation	TestCredWall_AllowlistIsNotStale	Fast PR Gate root race + golangci; QA root race on main/dispatch	@KidCarmi (default CODEOWNER; no per-site assignee)	none recorded	2026-11-03 (audit follow-up, not exception extension)	Fixture confinement not individually reverified; standalone gosec excludes tests, golangci may include them.
retained	golangci/gosec only	all rules (no explicit ID)	mcp_canary_credential_matrix_test.go	1550	1550	TestCredWall_ReachabilityCheckCanActuallyFail	root go.mod	default constraints	//nolint:gosec // fixed in-repo path	Fixture confined to tests; real credentials/URLs must not enter shipped paths.	under investigation	TestCredWall_ReachabilityCheckCanActuallyFail	Fast PR Gate root race + golangci; QA root race on main/dispatch	@KidCarmi (default CODEOWNER; no per-site assignee)	none recorded	2026-11-03 (audit follow-up, not exception extension)	Fixture confinement not individually reverified; standalone gosec excludes tests, golangci may include them.
retained	gosec + golangci/gosec	G304	mcp_canary_reviewed_binding_test.go	629	629	stripReviewedTargetsFromDurableRecord	root go.mod	default constraints	// #nosec G304 -- test-owned temp path	Fixture confined to tests; real credentials/URLs must not enter shipped paths.	under investigation	test helper (callers not individually mapped)	Fast PR Gate root race + golangci; QA root race on main/dispatch	@KidCarmi (default CODEOWNER; no per-site assignee)	none recorded	2026-11-03 (audit follow-up, not exception extension)	Fixture confinement not individually reverified; standalone gosec excludes tests, golangci may include them.
retained	gosec + golangci/gosec	G304	mcp_canary_reviewed_durable_test.go	33	33	durableRecord	root go.mod	default constraints	// #nosec G304 -- test-owned temp path	Fixture confined to tests; real credentials/URLs must not enter shipped paths.	under investigation	test helper (callers not individually mapped)	Fast PR Gate root race + golangci; QA root race on main/dispatch	@KidCarmi (default CODEOWNER; no per-site assignee)	none recorded	2026-11-03 (audit follow-up, not exception extension)	Fixture confinement not individually reverified; standalone gosec excludes tests, golangci may include them.
retained	gosec + golangci/gosec	G304	mcp_canary_rollback_rehearsal.go	220	220	loadRollbackRehearsal	root go.mod	default constraints	// #nosec G304 -- fixed operator-owned path under dataDir	See verbatim annotation; path ownership, reachable inputs and supported configuration require verification.	under investigation	annotation only; no protection verified per-site in this audit	Fast PR Gate root race + golangci; QA root race on main/dispatch	@KidCarmi (default CODEOWNER; no per-site assignee)	none recorded	2026-11-03 (audit follow-up, not exception extension)	Retain pending boundary/control review; reason is not proof. Run unfiltered advisory and triage per site.
retained	gosec + golangci/gosec	G304	mcp_canary_runtime.go	227	227	invalidateFileContentDurably	root go.mod	default constraints	// #nosec G304 -- fixed operator-owned path under dataDir	See verbatim annotation; path ownership, reachable inputs and supported configuration require verification.	under investigation	annotation only; no protection verified per-site in this audit	Fast PR Gate root race + golangci; QA root race on main/dispatch	@KidCarmi (default CODEOWNER; no per-site assignee)	none recorded	2026-11-03 (audit follow-up, not exception extension)	Retain pending boundary/control review; reason is not proof. Run unfiltered advisory and triage per site.
retained	gosec + golangci/gosec	G304	mcp_canary_runtime.go	245	245	syncParentDir	root go.mod	default constraints	// #nosec G304 -- fixed operator-owned dir under dataDir	See verbatim annotation; path ownership, reachable inputs and supported configuration require verification.	under investigation	annotation only; no protection verified per-site in this audit	Fast PR Gate root race + golangci; QA root race on main/dispatch	@KidCarmi (default CODEOWNER; no per-site assignee)	none recorded	2026-11-03 (audit follow-up, not exception extension)	Retain pending boundary/control review; reason is not proof. Run unfiltered advisory and triage per site.
retained	gosec + golangci/gosec	G304	mcp_canary_runtime.go	705	705	restoreCapability	root go.mod	default constraints	// #nosec G304 -- fixed operator-owned path under dataDir	See verbatim annotation; path ownership, reachable inputs and supported configuration require verification.	under investigation	annotation only; no protection verified per-site in this audit	Fast PR Gate root race + golangci; QA root race on main/dispatch	@KidCarmi (default CODEOWNER; no per-site assignee)	none recorded	2026-11-03 (audit follow-up, not exception extension)	Retain pending boundary/control review; reason is not proof. Run unfiltered advisory and triage per site.
retained	gosec + golangci/gosec	G304	mcp_inventory.go	307	307	readInventoryFile	root go.mod	default constraints	"// #nosec G304 -- admin-provided startup path, "".."" rejected above"	See verbatim annotation; path ownership, reachable inputs and supported configuration require verification.	under investigation	annotation only; no protection verified per-site in this audit	Fast PR Gate root race + golangci; QA root race on main/dispatch	@KidCarmi (default CODEOWNER; no per-site assignee)	none recorded	2026-11-03 (audit follow-up, not exception extension)	Retain pending boundary/control review; reason is not proof. Run unfiltered advisory and triage per site.
retained	gosec + golangci/gosec	G101	mcp_live_production_deps_config.go	48	48	file/declaration (inspect attached AST node)	root go.mod	default constraints	// #nosec G101 -- env-var name, not a credential	See verbatim annotation; path ownership, reachable inputs and supported configuration require verification.	under investigation	annotation only; no protection verified per-site in this audit	Fast PR Gate root race + golangci; QA root race on main/dispatch	@KidCarmi (default CODEOWNER; no per-site assignee)	none recorded	2026-11-03 (audit follow-up, not exception extension)	Retain pending boundary/control review; reason is not proof. Run unfiltered advisory and triage per site.
retained	gosec + golangci/gosec	G306	mcp_live_production_deps_test.go	198	198	TestLiveProd_FailureMatrix_NeverArmsRecordsReason	root go.mod	default constraints	// #nosec G306 -- intentionally world-readable to verify secret.load rejects it	Fixture confined to tests; real credentials/URLs must not enter shipped paths.	under investigation	TestLiveProd_FailureMatrix_NeverArmsRecordsReason	Fast PR Gate root race + golangci; QA root race on main/dispatch	@KidCarmi (default CODEOWNER; no per-site assignee)	none recorded	2026-11-03 (audit follow-up, not exception extension)	Fixture confinement not individually reverified; standalone gosec excludes tests, golangci may include them.
retained	gosec + golangci/gosec	G304	mcp_live_quiesce_rehearsal.go	123	123	liveQuiesceRehearsed	root go.mod	default constraints	// #nosec G304 -- fixed operator-owned path under dataDir	See verbatim annotation; path ownership, reachable inputs and supported configuration require verification.	under investigation	annotation only; no protection verified per-site in this audit	Fast PR Gate root race + golangci; QA root race on main/dispatch	@KidCarmi (default CODEOWNER; no per-site assignee)	none recorded	2026-11-03 (audit follow-up, not exception extension)	Retain pending boundary/control review; reason is not proof. Run unfiltered advisory and triage per site.
retained	gosec + golangci/gosec	G115	mcp_observe_health.go	127	127	nonNegU64	root go.mod	default constraints	// #nosec G115 -- guarded non-negative above	See verbatim annotation; path ownership, reachable inputs and supported configuration require verification.	under investigation	annotation only; no protection verified per-site in this audit	Fast PR Gate root race + golangci; QA root race on main/dispatch	@KidCarmi (default CODEOWNER; no per-site assignee)	none recorded	2026-11-03 (audit follow-up, not exception extension)	Retain pending boundary/control review; reason is not proof. Run unfiltered advisory and triage per site.
retained	gosec + golangci/gosec	G304	mcp_observe_startup.go	532	532	readFileClean	root go.mod	default constraints	"// #nosec G304 -- admin-provided startup-config path, "".."" rejected above"	See verbatim annotation; path ownership, reachable inputs and supported configuration require verification.	under investigation	annotation only; no protection verified per-site in this audit	Fast PR Gate root race + golangci; QA root race on main/dispatch	@KidCarmi (default CODEOWNER; no per-site assignee)	none recorded	2026-11-03 (audit follow-up, not exception extension)	Retain pending boundary/control review; reason is not proof. Run unfiltered advisory and triage per site.
retained	gosec + golangci/gosec	G304	mcp_policy.go	328	328	readPolicyFile	root go.mod	default constraints	"// #nosec G304 -- admin-provided startup path, "".."" rejected above"	See verbatim annotation; path ownership, reachable inputs and supported configuration require verification.	under investigation	annotation only; no protection verified per-site in this audit	Fast PR Gate root race + golangci; QA root race on main/dispatch	@KidCarmi (default CODEOWNER; no per-site assignee)	none recorded	2026-11-03 (audit follow-up, not exception extension)	Retain pending boundary/control review; reason is not proof. Run unfiltered advisory and triage per site.
retained	gosec + golangci/gosec	G304	mcp_rollout_capability_isolation_test.go	185	185	TestReconcile_RefusesCapabilityCrossingRecoveredState	root go.mod	default constraints	// #nosec G304 -- test-owned temp path	Fixture confined to tests; real credentials/URLs must not enter shipped paths.	under investigation	TestReconcile_RefusesCapabilityCrossingRecoveredState	Fast PR Gate root race + golangci; QA root race on main/dispatch	@KidCarmi (default CODEOWNER; no per-site assignee)	none recorded	2026-11-03 (audit follow-up, not exception extension)	Fixture confinement not individually reverified; standalone gosec excludes tests, golangci may include them.
retained	gosec + golangci/gosec	G304	mcp_rollout_persist.go	90	90	restoreRolloutStateFrom	root go.mod	default constraints	// #nosec G304 -- fixed operator-owned path under dataDir	See verbatim annotation; path ownership, reachable inputs and supported configuration require verification.	under investigation	annotation only; no protection verified per-site in this audit	Fast PR Gate root race + golangci; QA root race on main/dispatch	@KidCarmi (default CODEOWNER; no per-site assignee)	none recorded	2026-11-03 (audit follow-up, not exception extension)	Retain pending boundary/control review; reason is not proof. Run unfiltered advisory and triage per site.
retained	gosec + golangci/gosec	all rules (no explicit ID)	mcp_shadow_readiness_test.go	180	180	eachMode	root go.mod	default constraints	// the conversion is preferred over a #nosec suppression — the same direction	Fixture confined to tests; real credentials/URLs must not enter shipped paths.	under investigation	test helper (callers not individually mapped)	Fast PR Gate root race + golangci; QA root race on main/dispatch	@KidCarmi (default CODEOWNER; no per-site assignee)	none recorded	2026-11-03 (audit follow-up, not exception extension)	Fixture confinement not individually reverified; standalone gosec excludes tests, golangci may include them.
retained	gosec + golangci/gosec	G304	mcp_telemetry.go	518	518	newTelemetryCursorStore	root go.mod	default constraints	// #nosec G304 -- fixed enum-derived path under a cleaned root	See verbatim annotation; path ownership, reachable inputs and supported configuration require verification.	under investigation	annotation only; no protection verified per-site in this audit	Fast PR Gate root race + golangci; QA root race on main/dispatch	@KidCarmi (default CODEOWNER; no per-site assignee)	none recorded	2026-11-03 (audit follow-up, not exception extension)	Retain pending boundary/control review; reason is not proof. Run unfiltered advisory and triage per site.
retained	gosec + golangci/gosec	G304	mcp_telemetry.go	686	686	readExisting	root go.mod	default constraints	// #nosec G304 -- fixed hex-id path under a cleaned root	See verbatim annotation; path ownership, reachable inputs and supported configuration require verification.	under investigation	annotation only; no protection verified per-site in this audit	Fast PR Gate root race + golangci; QA root race on main/dispatch	@KidCarmi (default CODEOWNER; no per-site assignee)	none recorded	2026-11-03 (audit follow-up, not exception extension)	Retain pending boundary/control review; reason is not proof. Run unfiltered advisory and triage per site.
retained	gosec + golangci/gosec	G115	mcp_telemetry.go	710	710	noteExported	root go.mod	default constraints	// #nosec G115 -- n is a batch length (>=0)	See verbatim annotation; path ownership, reachable inputs and supported configuration require verification.	under investigation	annotation only; no protection verified per-site in this audit	Fast PR Gate root race + golangci; QA root race on main/dispatch	@KidCarmi (default CODEOWNER; no per-site assignee)	none recorded	2026-11-03 (audit follow-up, not exception extension)	Retain pending boundary/control review; reason is not proof. Run unfiltered advisory and triage per site.
retained	gosec + golangci/gosec	G304,G122	mcp_telemetry_test.go	189	189	TestTelemetry_SpoolIsEncrypted	root go.mod	default constraints	//nolint:errcheck,gosec // #nosec G304,G122 -- test scan of a self-created temp spool dir; no untrusted symlinks	Fixture confined to tests; real credentials/URLs must not enter shipped paths.	under investigation	TestTelemetry_SpoolIsEncrypted	Fast PR Gate root race + golangci; QA root race on main/dispatch	@KidCarmi (default CODEOWNER; no per-site assignee)	none recorded	2026-11-03 (audit follow-up, not exception extension)	Fixture confinement not individually reverified; standalone gosec excludes tests, golangci may include them.
retained	gosec + golangci/gosec	G115	metrics.go	606	606	file/declaration (inspect attached AST node)	root go.mod	default constraints	// `#nosec G115` that the linter does not in fact honour (those lines only	See verbatim annotation; path ownership, reachable inputs and supported configuration require verification.	under investigation	annotation only; no protection verified per-site in this audit	Fast PR Gate root race + golangci; QA root race on main/dispatch	@KidCarmi (default CODEOWNER; no per-site assignee)	none recorded	2026-11-03 (audit follow-up, not exception extension)	Retain pending boundary/control review; reason is not proof. Run unfiltered advisory and triage per site.
retained	gosec + golangci/gosec	G402	mitm_inspect_e2e_test.go	115	115	connectAndTLS	root go.mod	default constraints	// #nosec G402 -- test trusts only the proxy CA	Fixture confined to tests; real credentials/URLs must not enter shipped paths.	under investigation	test helper (callers not individually mapped)	Fast PR Gate root race + golangci; QA root race on main/dispatch	@KidCarmi (default CODEOWNER; no per-site assignee)	none recorded	2026-11-03 (audit follow-up, not exception extension)	Fixture confinement not individually reverified; standalone gosec excludes tests, golangci may include them.
retained	gosec + golangci/gosec	G402	mitm_inspect_e2e_test.go	154	154	TestMITM_NonTLSFallbackRecordsTunnelClose	root go.mod	default constraints	// #nosec G402 -- test upstream	Fixture confined to tests; real credentials/URLs must not enter shipped paths.	under investigation	TestMITM_NonTLSFallbackRecordsTunnelClose	Fast PR Gate root race + golangci; QA root race on main/dispatch	@KidCarmi (default CODEOWNER; no per-site assignee)	none recorded	2026-11-03 (audit follow-up, not exception extension)	Fixture confinement not individually reverified; standalone gosec excludes tests, golangci may include them.
retained	gosec + golangci/gosec	G115	mitm_inspect_e2e_test.go	390	390	TestMITM_LargeResponseIntegrity	root go.mod	default constraints	// #nosec G115 -- deterministic test payload; byte truncation is intentional	Fixture confined to tests; real credentials/URLs must not enter shipped paths.	under investigation	TestMITM_LargeResponseIntegrity	Fast PR Gate root race + golangci; QA root race on main/dispatch	@KidCarmi (default CODEOWNER; no per-site assignee)	none recorded	2026-11-03 (audit follow-up, not exception extension)	Fixture confinement not individually reverified; standalone gosec excludes tests, golangci may include them.
retained	golangci/gosec only	G402	mitm_inspect_e2e_test.go	573	573	TestMITM_ForgedLeafTLSPosture	root go.mod	default constraints	//nolint:gosec // G402: versions pinned low ON PURPOSE to prove the server floor	Fixture confined to tests; real credentials/URLs must not enter shipped paths.	under investigation	TestMITM_ForgedLeafTLSPosture	Fast PR Gate root race + golangci; QA root race on main/dispatch	@KidCarmi (default CODEOWNER; no per-site assignee)	none recorded	2026-11-03 (audit follow-up, not exception extension)	Fixture confinement not individually reverified; standalone gosec excludes tests, golangci may include them.
retained	golangci/gosec only	G402	mitm_inspect_e2e_test.go	661	661	TestMITM_OriginInterop	root go.mod	default constraints	//nolint:gosec // G402: version pinned to exercise one matrix cell	Fixture confined to tests; real credentials/URLs must not enter shipped paths.	under investigation	TestMITM_OriginInterop	Fast PR Gate root race + golangci; QA root race on main/dispatch	@KidCarmi (default CODEOWNER; no per-site assignee)	none recorded	2026-11-03 (audit follow-up, not exception extension)	Fixture confinement not individually reverified; standalone gosec excludes tests, golangci may include them.
retained	gosec + golangci/gosec	G402	mtls_ocsp_startup.go	132	132	loadMTLSAndOCSP	root go.mod	default constraints	// #nosec G402 -- MinVersion set by the branches below	See verbatim annotation; path ownership, reachable inputs and supported configuration require verification.	under investigation	annotation only; no protection verified per-site in this audit	Fast PR Gate root race + golangci; QA root race on main/dispatch	@KidCarmi (default CODEOWNER; no per-site assignee)	none recorded	2026-11-03 (audit follow-up, not exception extension)	Retain pending boundary/control review; reason is not proof. Run unfiltered advisory and triage per site.
retained	gosec + golangci/gosec	G304	object_durability_test.go	434	434	TestRename_ReferenceIntegrity_RunningAndDraft	root go.mod	default constraints	// #nosec G304 -- test temp path	Fixture confined to tests; real credentials/URLs must not enter shipped paths.	under investigation	TestRename_ReferenceIntegrity_RunningAndDraft	Fast PR Gate root race + golangci; QA root race on main/dispatch	@KidCarmi (default CODEOWNER; no per-site assignee)	none recorded	2026-11-03 (audit follow-up, not exception extension)	Fixture confinement not individually reverified; standalone gosec excludes tests, golangci may include them.
retained	gosec + golangci/gosec	G123	ocsp.go	40	40	ConfigureTLSConfigOCSP	root go.mod	default constraints	// #nosec G123 -- VerifyConnection is set immediately below	VerifyConnection runs on resumed TLS; non-nil callback is insufficient behavioral proof.	protected by a control	TestConfigureTransportOCSP (wiring only); internal/ocsp engine tests	Fast PR Gate root race + golangci; QA root race on main/dispatch	@KidCarmi (default CODEOWNER; no per-site assignee)	none recorded	2026-11-03 (audit follow-up, not exception extension)	Retain pending resumed-session handshake coverage; enabled/soft-fail policy still matters.
retained	gosec + golangci/gosec	G705	pac.go	182	182	servePACFile	root go.mod	default constraints	// #nosec G705 -- host is character-allowlisted above; PAC output is %q-quoted JS served as application/x-ns-proxy-autoconfig	See verbatim annotation; path ownership, reachable inputs and supported configuration require verification.	under investigation	annotation only; no protection verified per-site in this audit	Fast PR Gate root race + golangci; QA root race on main/dispatch	@KidCarmi (default CODEOWNER; no per-site assignee)	none recorded	2026-11-03 (audit follow-up, not exception extension)	Retain pending boundary/control review; reason is not proof. Run unfiltered advisory and triage per site.
retained	gosec + golangci/gosec	G404	policy_srcprefix_test.go	132	132	TestSrcPrefix_DifferentialRandomized	root go.mod	default constraints	// #nosec G404 -- deterministic seeded generator for reproducible test data	Fixture confined to tests; real credentials/URLs must not enter shipped paths.	under investigation	TestSrcPrefix_DifferentialRandomized	Fast PR Gate root race + golangci; QA root race on main/dispatch	@KidCarmi (default CODEOWNER; no per-site assignee)	none recorded	2026-11-03 (audit follow-up, not exception extension)	Fixture confinement not individually reverified; standalone gosec excludes tests, golangci may include them.
retained	gosec + golangci/gosec	G402	pqc_test.go	71	71	TestPQC_MLKEM768_KeyExchange	root go.mod	default constraints	// #nosec G402 -- test-only self-signed cert	Fixture confined to tests; real credentials/URLs must not enter shipped paths.	under investigation	TestPQC_MLKEM768_KeyExchange	Fast PR Gate root race + golangci; QA root race on main/dispatch	@KidCarmi (default CODEOWNER; no per-site assignee)	none recorded	2026-11-03 (audit follow-up, not exception extension)	Fixture confinement not individually reverified; standalone gosec excludes tests, golangci may include them.
retained	gosec + golangci/gosec	G402	pqc_test.go	140	140	TestPQC_ClassicalFallback_Rejected	root go.mod	default constraints	// #nosec G402 -- test-only	Fixture confined to tests; real credentials/URLs must not enter shipped paths.	under investigation	TestPQC_ClassicalFallback_Rejected	Fast PR Gate root race + golangci; QA root race on main/dispatch	@KidCarmi (default CODEOWNER; no per-site assignee)	none recorded	2026-11-03 (audit follow-up, not exception extension)	Fixture confinement not individually reverified; standalone gosec excludes tests, golangci may include them.
retained	gosec + golangci/gosec	G710	proxy.go	505	505	resolveRequestAuth	root go.mod	default constraints	// #nosec G710 -- portalURL passed isSafeCaptiveRedirect (same-origin path or admin-configured http(s) URL)	See verbatim annotation; path ownership, reachable inputs and supported configuration require verification.	under investigation	annotation only; no protection verified per-site in this audit	Fast PR Gate root race + golangci; QA root race on main/dispatch	@KidCarmi (default CODEOWNER; no per-site assignee)	none recorded	2026-11-03 (audit follow-up, not exception extension)	Retain pending boundary/control review; reason is not proof. Run unfiltered advisory and triage per site.
retained	gosec + golangci/gosec	G710	proxy.go	557	557	resolveRequestAuth	root go.mod	default constraints	// #nosec G710 -- loginURL passed isSafeCaptiveRedirect (same-origin path or admin-configured http(s) URL)	See verbatim annotation; path ownership, reachable inputs and supported configuration require verification.	under investigation	annotation only; no protection verified per-site in this audit	Fast PR Gate root race + golangci; QA root race on main/dispatch	@KidCarmi (default CODEOWNER; no per-site assignee)	none recorded	2026-11-03 (audit follow-up, not exception extension)	Retain pending boundary/control review; reason is not proof. Run unfiltered advisory and triage per site.
retained	gosec + golangci/gosec	G710	proxy.go	715	715	applyPolicyDecision	root go.mod	default constraints	// #nosec G710 -- admin-configured rule action target; the isSafeRedirectURL guard above blocks unsafe values	See verbatim annotation; path ownership, reachable inputs and supported configuration require verification.	under investigation	annotation only; no protection verified per-site in this audit	Fast PR Gate root race + golangci; QA root race on main/dispatch	@KidCarmi (default CODEOWNER; no per-site assignee)	none recorded	2026-11-03 (audit follow-up, not exception extension)	Retain pending boundary/control review; reason is not proof. Run unfiltered advisory and triage per site.
retained	gosec + golangci/gosec	G115	proxy_host_bounds_test.go	410	410	TestChaos69_DefectSOCKS5RefusesOversizeDestination	root go.mod	default constraints	// #nosec G115 -- 255 by construction	Fixture confined to tests; real credentials/URLs must not enter shipped paths.	under investigation	TestChaos69_DefectSOCKS5RefusesOversizeDestination	Fast PR Gate root race + golangci; QA root race on main/dispatch	@KidCarmi (default CODEOWNER; no per-site assignee)	none recorded	2026-11-03 (audit follow-up, not exception extension)	Fixture confinement not individually reverified; standalone gosec excludes tests, golangci may include them.
retained	gosec + golangci/gosec	G402	proxy_inspect_h1_characterization_test.go	63	63	connectAndTLSALPN	root go.mod	default constraints	// #nosec G402 -- test trusts only the proxy CA	Fixture confined to tests; real credentials/URLs must not enter shipped paths.	under investigation	test helper (callers not individually mapped)	Fast PR Gate root race + golangci; QA root race on main/dispatch	@KidCarmi (default CODEOWNER; no per-site assignee)	none recorded	2026-11-03 (audit follow-up, not exception extension)	Fixture confinement not individually reverified; standalone gosec excludes tests, golangci may include them.
retained	golangci/gosec only	all rules (no explicit ID)	proxy_sanitizelog_test.go	113	113	TestSanitizeLog_DifferentialRandomized	root go.mod	default constraints	//nolint:gosec // deterministic test corpus, not crypto	Fixture confined to tests; real credentials/URLs must not enter shipped paths.	under investigation	TestSanitizeLog_DifferentialRandomized	Fast PR Gate root race + golangci; QA root race on main/dispatch	@KidCarmi (default CODEOWNER; no per-site assignee)	none recorded	2026-11-03 (audit follow-up, not exception extension)	Fixture confinement not individually reverified; standalone gosec excludes tests, golangci may include them.
retained	gosec + golangci/gosec	G402	proxy_tunnel.go	633	633	upstreamInspectTLSConfig	root go.mod	default constraints	// #nosec G402 — admin-configured per-rule override	See verbatim annotation; path ownership, reachable inputs and supported configuration require verification.	under investigation	annotation only; no protection verified per-site in this audit	Fast PR Gate root race + golangci; QA root race on main/dispatch	@KidCarmi (default CODEOWNER; no per-site assignee)	none recorded	2026-11-03 (audit follow-up, not exception extension)	Retain pending boundary/control review; reason is not proof. Run unfiltered advisory and triage per site.
retained	standalone staticcheck only	SA1019	proxy_tunnel_h2.go	368	368	handleInspectH2	root go.mod	default constraints	//lint:ignore SA1019 temporary compatibility bridge: x/net v0.59 deprecated this x/net/http2 API; kept until the inspected-H2 path migrates to Go's stdlib HTTP/2 APIs.	See verbatim annotation; path ownership, reachable inputs and supported configuration require verification.	under investigation	annotation only; no protection verified per-site in this audit	Fast PR Gate root race + golangci; QA root race on main/dispatch; this marker is not a gosec suppression	@KidCarmi (default CODEOWNER; no per-site assignee)	none recorded	2026-11-03 (audit follow-up, not exception extension)	Retain pending boundary/control review; reason is not proof. Run unfiltered advisory and triage per site.
retained	standalone staticcheck only	SA1019	proxy_tunnel_h2.go	370	370	handleInspectH2	root go.mod	default constraints	//lint:ignore SA1019 temporary compatibility bridge: x/net v0.59 deprecated this x/net/http2 API; kept until the inspected-H2 path migrates to Go's stdlib HTTP/2 APIs.	See verbatim annotation; path ownership, reachable inputs and supported configuration require verification.	under investigation	annotation only; no protection verified per-site in this audit	Fast PR Gate root race + golangci; QA root race on main/dispatch; this marker is not a gosec suppression	@KidCarmi (default CODEOWNER; no per-site assignee)	none recorded	2026-11-03 (audit follow-up, not exception extension)	Retain pending boundary/control review; reason is not proof. Run unfiltered advisory and triage per site.
retained	standalone staticcheck only	SA1019	proxy_tunnel_h2.go	408	408	handleInspectH2	root go.mod	default constraints	//lint:ignore SA1019 temporary compatibility bridge: x/net v0.59 deprecated this x/net/http2 API; kept until the inspected-H2 path migrates to Go's stdlib HTTP/2 APIs.	See verbatim annotation; path ownership, reachable inputs and supported configuration require verification.	under investigation	annotation only; no protection verified per-site in this audit	Fast PR Gate root race + golangci; QA root race on main/dispatch; this marker is not a gosec suppression	@KidCarmi (default CODEOWNER; no per-site assignee)	none recorded	2026-11-03 (audit follow-up, not exception extension)	Retain pending boundary/control review; reason is not proof. Run unfiltered advisory and triage per site.
retained	standalone staticcheck only	SA1019	proxy_tunnel_h2.go	421	421	h2InspectStream	root go.mod	default constraints	//lint:ignore SA1019 temporary compatibility bridge: x/net v0.59 deprecated this x/net/http2 API; kept until the inspected-H2 path migrates to Go's stdlib HTTP/2 APIs.	See verbatim annotation; path ownership, reachable inputs and supported configuration require verification.	under investigation	annotation only; no protection verified per-site in this audit	Fast PR Gate root race + golangci; QA root race on main/dispatch; this marker is not a gosec suppression	@KidCarmi (default CODEOWNER; no per-site assignee)	none recorded	2026-11-03 (audit follow-up, not exception extension)	Retain pending boundary/control review; reason is not proof. Run unfiltered advisory and triage per site.
retained	standalone staticcheck only	SA1019	proxy_tunnel_h2_drain.go	47	47	file/declaration (inspect attached AST node)	root go.mod	default constraints	//lint:ignore SA1019 temporary compatibility bridge: x/net v0.59 deprecated this x/net/http2 API; kept until the inspected-H2 path migrates to Go's stdlib HTTP/2 APIs.	See verbatim annotation; path ownership, reachable inputs and supported configuration require verification.	under investigation	annotation only; no protection verified per-site in this audit	Fast PR Gate root race + golangci; QA root race on main/dispatch; this marker is not a gosec suppression	@KidCarmi (default CODEOWNER; no per-site assignee)	none recorded	2026-11-03 (audit follow-up, not exception extension)	Retain pending boundary/control review; reason is not proof. Run unfiltered advisory and triage per site.
retained	standalone staticcheck only	SA1019	proxy_tunnel_h2_drain.go	91	91	newH2InspectServer	root go.mod	default constraints	//lint:ignore SA1019 temporary compatibility bridge: x/net v0.59 deprecated this x/net/http2 API; kept until the inspected-H2 path migrates to Go's stdlib HTTP/2 APIs.	See verbatim annotation; path ownership, reachable inputs and supported configuration require verification.	under investigation	annotation only; no protection verified per-site in this audit	Fast PR Gate root race + golangci; QA root race on main/dispatch; this marker is not a gosec suppression	@KidCarmi (default CODEOWNER; no per-site assignee)	none recorded	2026-11-03 (audit follow-up, not exception extension)	Retain pending boundary/control review; reason is not proof. Run unfiltered advisory and triage per site.
retained	standalone staticcheck only	SA1019	proxy_tunnel_h2_drain.go	105	105	newH2InspectServer	root go.mod	default constraints	//lint:ignore SA1019 temporary compatibility bridge: x/net v0.59 deprecated this x/net/http2 API; kept until the inspected-H2 path migrates to Go's stdlib HTTP/2 APIs.	See verbatim annotation; path ownership, reachable inputs and supported configuration require verification.	under investigation	annotation only; no protection verified per-site in this audit	Fast PR Gate root race + golangci; QA root race on main/dispatch; this marker is not a gosec suppression	@KidCarmi (default CODEOWNER; no per-site assignee)	none recorded	2026-11-03 (audit follow-up, not exception extension)	Retain pending boundary/control review; reason is not proof. Run unfiltered advisory and triage per site.
retained	golangci/gosec only	all rules (no explicit ID)	qa_gate_coverage_test.go	351	351	runShell	root go.mod	default constraints	//nolint:gosec // test harness script in a temp dir	Fixture confined to tests; real credentials/URLs must not enter shipped paths.	under investigation	test helper (callers not individually mapped)	Fast PR Gate root race + golangci; QA root race on main/dispatch	@KidCarmi (default CODEOWNER; no per-site assignee)	none recorded	2026-11-03 (audit follow-up, not exception extension)	Fixture confinement not individually reverified; standalone gosec excludes tests, golangci may include them.
retained	gosec + golangci/gosec	G204	qa_gate_coverage_test.go	355	355	runShell	root go.mod	default constraints	"// #nosec G204 -- program is the literal ""bash""; the only variable is a path"	Fixture confined to tests; real credentials/URLs must not enter shipped paths.	under investigation	test helper (callers not individually mapped)	Fast PR Gate root race + golangci; QA root race on main/dispatch	@KidCarmi (default CODEOWNER; no per-site assignee)	none recorded	2026-11-03 (audit follow-up, not exception extension)	Fixture confinement not individually reverified; standalone gosec excludes tests, golangci may include them.
retained	gosec + golangci/gosec	G204	qa_gate_coverage_test.go	443	443	realCoverageProfile	root go.mod	default constraints	// #nosec G204 -- fixed argv; the only variable is a path under t.TempDir().	Fixture confined to tests; real credentials/URLs must not enter shipped paths.	under investigation	test helper (callers not individually mapped)	Fast PR Gate root race + golangci; QA root race on main/dispatch	@KidCarmi (default CODEOWNER; no per-site assignee)	none recorded	2026-11-03 (audit follow-up, not exception extension)	Fixture confinement not individually reverified; standalone gosec excludes tests, golangci may include them.
retained	gosec + golangci/gosec	G204	qa_gate_coverage_test.go	490	490	TestQAGateCoverage_FloorScriptRefusesUnusableAndBreachedProfiles	root go.mod	default constraints	// #nosec G204 -- fixed in-repo script; the only variable is a t.TempDir() path.	Fixture confined to tests; real credentials/URLs must not enter shipped paths.	under investigation	TestQAGateCoverage_FloorScriptRefusesUnusableAndBreachedProfiles	Fast PR Gate root race + golangci; QA root race on main/dispatch	@KidCarmi (default CODEOWNER; no per-site assignee)	none recorded	2026-11-03 (audit follow-up, not exception extension)	Fixture confinement not individually reverified; standalone gosec excludes tests, golangci may include them.
retained	golangci/gosec only	all rules (no explicit ID)	qa_gate_scheduling_test.go	457	457	runNeedsVerdictRequiring	root go.mod	default constraints	//nolint:gosec // test harness script, temp dir	Fixture confined to tests; real credentials/URLs must not enter shipped paths.	under investigation	test helper (callers not individually mapped)	Fast PR Gate root race + golangci; QA root race on main/dispatch	@KidCarmi (default CODEOWNER; no per-site assignee)	none recorded	2026-11-03 (audit follow-up, not exception extension)	Fixture confinement not individually reverified; standalone gosec excludes tests, golangci may include them.
retained	gosec + golangci/gosec	G204	qa_gate_scheduling_test.go	465	465	runNeedsVerdictRequiring	root go.mod	default constraints	// #nosec G204 -- the only variable is a path under this test's own t.TempDir();	Fixture confined to tests; real credentials/URLs must not enter shipped paths.	under investigation	test helper (callers not individually mapped)	Fast PR Gate root race + golangci; QA root race on main/dispatch	@KidCarmi (default CODEOWNER; no per-site assignee)	none recorded	2026-11-03 (audit follow-up, not exception extension)	Fixture confinement not individually reverified; standalone gosec excludes tests, golangci may include them.
retained	gosec + golangci/gosec	G304	release_bootstrap_provenance.go	37	37	addBootstrapProvenance	root go.mod	default constraints	// #nosec G304 -- fixed name under trusted dataDir	See verbatim annotation; path ownership, reachable inputs and supported configuration require verification.	under investigation	annotation only; no protection verified per-site in this audit	Fast PR Gate root race + golangci; QA root race on main/dispatch	@KidCarmi (default CODEOWNER; no per-site assignee)	none recorded	2026-11-03 (audit follow-up, not exception extension)	Retain pending boundary/control review; reason is not proof. Run unfiltered advisory and triage per site.
retained	gosec + golangci/gosec	G304	release_catalog.go	487	487	catalogReadBounded	root go.mod	default constraints	// #nosec G304 -- path joined under a fixed dir; ref shape-validated; symlinks refused	See verbatim annotation; path ownership, reachable inputs and supported configuration require verification.	under investigation	annotation only; no protection verified per-site in this audit	Fast PR Gate root race + golangci; QA root race on main/dispatch	@KidCarmi (default CODEOWNER; no per-site assignee)	none recorded	2026-11-03 (audit follow-up, not exception extension)	Retain pending boundary/control review; reason is not proof. Run unfiltered advisory and triage per site.
retained	gosec + golangci/gosec	G304,G703	release_catalog_bundle.go	70	70	Stage	root go.mod	default constraints	// #nosec G304 G703 -- operator-supplied local bundle path (import action), not request input	See verbatim annotation; path ownership, reachable inputs and supported configuration require verification.	under investigation	annotation only; no protection verified per-site in this audit	Fast PR Gate root race + golangci; QA root race on main/dispatch	@KidCarmi (default CODEOWNER; no per-site assignee)	none recorded	2026-11-03 (audit follow-up, not exception extension)	Retain pending boundary/control review; reason is not proof. Run unfiltered advisory and triage per site.
retained	gosec + golangci/gosec	G304,G703	release_catalog_bundle.go	225	225	writeBundleFile	root go.mod	default constraints	// #nosec G304 G703 -- fixed stage dir + validated bare names	See verbatim annotation; path ownership, reachable inputs and supported configuration require verification.	under investigation	annotation only; no protection verified per-site in this audit	Fast PR Gate root race + golangci; QA root race on main/dispatch	@KidCarmi (default CODEOWNER; no per-site assignee)	none recorded	2026-11-03 (audit follow-up, not exception extension)	Retain pending boundary/control review; reason is not proof. Run unfiltered advisory and triage per site.
retained	gosec + golangci/gosec	G304	release_catalog_freshness.go	204	204	readFloorState	root go.mod	default constraints	// #nosec G304 -- fixed operator-configured state path, not attacker-controlled	See verbatim annotation; path ownership, reachable inputs and supported configuration require verification.	under investigation	annotation only; no protection verified per-site in this audit	Fast PR Gate root race + golangci; QA root race on main/dispatch	@KidCarmi (default CODEOWNER; no per-site assignee)	none recorded	2026-11-03 (audit follow-up, not exception extension)	Retain pending boundary/control review; reason is not proof. Run unfiltered advisory and triage per site.
retained	gosec + golangci/gosec	G304	release_catalog_refresher.go	343	343	copyCatalogFile	root go.mod	default constraints	// #nosec G304 -- path under the operator-configured catalog dir (fixed/validated names)	See verbatim annotation; path ownership, reachable inputs and supported configuration require verification.	under investigation	annotation only; no protection verified per-site in this audit	Fast PR Gate root race + golangci; QA root race on main/dispatch	@KidCarmi (default CODEOWNER; no per-site assignee)	none recorded	2026-11-03 (audit follow-up, not exception extension)	Retain pending boundary/control review; reason is not proof. Run unfiltered advisory and triage per site.
retained	gosec + golangci/gosec	G304	release_catalog_refresher.go	348	348	copyCatalogFile	root go.mod	default constraints	// #nosec G304 -- dst under the cache staging dir	See verbatim annotation; path ownership, reachable inputs and supported configuration require verification.	under investigation	annotation only; no protection verified per-site in this audit	Fast PR Gate root race + golangci; QA root race on main/dispatch	@KidCarmi (default CODEOWNER; no per-site assignee)	none recorded	2026-11-03 (audit follow-up, not exception extension)	Retain pending boundary/control review; reason is not proof. Run unfiltered advisory and triage per site.
retained	gosec + golangci/gosec	G304	release_catalog_sigstore.go	282	282	loadSigstoreTrustedRoot	root go.mod	default constraints	// #nosec G304 -- operator-provided trusted-root path (break-glass, host-trusted env var)	See verbatim annotation; path ownership, reachable inputs and supported configuration require verification.	under investigation	annotation only; no protection verified per-site in this audit	Fast PR Gate root race + golangci; QA root race on main/dispatch	@KidCarmi (default CODEOWNER; no per-site assignee)	none recorded	2026-11-03 (audit follow-up, not exception extension)	Retain pending boundary/control review; reason is not proof. Run unfiltered advisory and triage per site.
added	gosec + golangci/gosec	G704	release_dispatch_exec.go		635	doJSON	root go.mod	default constraints	// #nosec G704 -- configured agent endpoint, intentionally permits local/private services; RISK-002 suppression audit records HTTP override as accepted-risk, not SSRF-protected.	Configured UDS or HTTP(S) agent may intentionally be private; caller configuration is a trust boundary.	accepted risk	TestService_EndpointRebindingUsesNewClient (selection only); TestLocalAgentEndpoint; RISK-002	Fast PR Gate root race + golangci; QA root race on main/dispatch	@KidCarmi (default CODEOWNER; no per-site assignee)	none recorded	2026-11-03 (audit follow-up, not exception extension)	Retire global G704; scoped residual risk. HTTP redirects/proxy do not have destination SSRF protection.
added	gosec + golangci/gosec	G704	release_dispatch_exec.go		643	doJSON	root go.mod	default constraints	// #nosec G704 -- same configured agent endpoint; TestService_EndpointRebindingUsesNewClient; HTTP override residual in RISK-002.	Configured UDS or HTTP(S) agent may intentionally be private; caller configuration is a trust boundary.	accepted risk	TestService_EndpointRebindingUsesNewClient (selection only); TestLocalAgentEndpoint; RISK-002	Fast PR Gate root race + golangci; QA root race on main/dispatch	@KidCarmi (default CODEOWNER; no per-site assignee)	none recorded	2026-11-03 (audit follow-up, not exception extension)	Retire global G704; scoped residual risk. HTTP redirects/proxy do not have destination SSRF protection.
retained	gosec + golangci/gosec	G304	release_gen_test.go	302	302	readGenSpec	root go.mod	default constraints	// #nosec G304 -- CI-provided spec path, not attacker input	Fixture confined to tests; real credentials/URLs must not enter shipped paths.	under investigation	test helper (callers not individually mapped)	Fast PR Gate root race + golangci; QA root race on main/dispatch	@KidCarmi (default CODEOWNER; no per-site assignee)	none recorded	2026-11-03 (audit follow-up, not exception extension)	Fixture confinement not individually reverified; standalone gosec excludes tests, golangci may include them.
retained	gosec + golangci/gosec	G304	release_publication_gating_test.go	1175	1175	TestPublicationGating_NoDraftBlindReleaseLookup	root go.mod	default constraints	// #nosec G304 -- repository-owned paths collected above	Fixture confined to tests; real credentials/URLs must not enter shipped paths.	under investigation	TestPublicationGating_NoDraftBlindReleaseLookup	Fast PR Gate root race + golangci; QA root race on main/dispatch	@KidCarmi (default CODEOWNER; no per-site assignee)	none recorded	2026-11-03 (audit follow-up, not exception extension)	Fixture confinement not individually reverified; standalone gosec excludes tests, golangci may include them.
retained	gosec + golangci/gosec	G404	release_refresh.go	33	33	jitteredInterval	root go.mod	default constraints	// #nosec G404 -- jitter, not crypto	See verbatim annotation; path ownership, reachable inputs and supported configuration require verification.	under investigation	annotation only; no protection verified per-site in this audit	Fast PR Gate root race + golangci; QA root race on main/dispatch	@KidCarmi (default CODEOWNER; no per-site assignee)	none recorded	2026-11-03 (audit follow-up, not exception extension)	Retain pending boundary/control review; reason is not proof. Run unfiltered advisory and triage per site.
retained	gosec + golangci/gosec	G304	release_resign_gate_test.go	61	61	buildResignSpecFromVerified	root go.mod	default constraints	// #nosec G304 -- CI-provided bundle dir	Fixture confined to tests; real credentials/URLs must not enter shipped paths.	under investigation	test helper (callers not individually mapped)	Fast PR Gate root race + golangci; QA root race on main/dispatch	@KidCarmi (default CODEOWNER; no per-site assignee)	none recorded	2026-11-03 (audit follow-up, not exception extension)	Fixture confinement not individually reverified; standalone gosec excludes tests, golangci may include them.
retained	gosec + golangci/gosec	G304	release_resign_gate_test.go	73	73	buildResignSpecFromVerified	root go.mod	default constraints	// #nosec G304 -- ref is hash-bound to the verified index	Fixture confined to tests; real credentials/URLs must not enter shipped paths.	under investigation	test helper (callers not individually mapped)	Fast PR Gate root race + golangci; QA root race on main/dispatch	@KidCarmi (default CODEOWNER; no per-site assignee)	none recorded	2026-11-03 (audit follow-up, not exception extension)	Fixture confinement not individually reverified; standalone gosec excludes tests, golangci may include them.
retained	gosec + golangci/gosec	G304	release_resign_gate_test.go	279	279	TestResignGate_RefusesUnverifiedSource	root go.mod	default constraints	// #nosec G304 -- test fixture	Fixture confined to tests; real credentials/URLs must not enter shipped paths.	under investigation	TestResignGate_RefusesUnverifiedSource	Fast PR Gate root race + golangci; QA root race on main/dispatch	@KidCarmi (default CODEOWNER; no per-site assignee)	none recorded	2026-11-03 (audit follow-up, not exception extension)	Fixture confinement not individually reverified; standalone gosec excludes tests, golangci may include them.
retained	gosec + golangci/gosec	G304	restore.go	306	306	loadAndMaybeDecrypt	root go.mod	default constraints	// #nosec G304 -- operator-controlled path	See verbatim annotation; path ownership, reachable inputs and supported configuration require verification.	under investigation	annotation only; no protection verified per-site in this audit	Fast PR Gate root race + golangci; QA root race on main/dispatch	@KidCarmi (default CODEOWNER; no per-site assignee)	none recorded	2026-11-03 (audit follow-up, not exception extension)	Retain pending boundary/control review; reason is not proof. Run unfiltered advisory and triage per site.
retained	gosec + golangci/gosec	G304	restore.go	707	707	currentCAFingerprint	root go.mod	default constraints	// #nosec G304 -- operator-controlled	See verbatim annotation; path ownership, reachable inputs and supported configuration require verification.	under investigation	annotation only; no protection verified per-site in this audit	Fast PR Gate root race + golangci; QA root race on main/dispatch	@KidCarmi (default CODEOWNER; no per-site assignee)	none recorded	2026-11-03 (audit follow-up, not exception extension)	Retain pending boundary/control review; reason is not proof. Run unfiltered advisory and triage per site.
retained	gosec + golangci/gosec	G304	restore.go	738	738	currentEnrolledNodeCount	root go.mod	default constraints	// #nosec G304 -- operator-controlled	See verbatim annotation; path ownership, reachable inputs and supported configuration require verification.	under investigation	annotation only; no protection verified per-site in this audit	Fast PR Gate root race + golangci; QA root race on main/dispatch	@KidCarmi (default CODEOWNER; no per-site assignee)	none recorded	2026-11-03 (audit follow-up, not exception extension)	Retain pending boundary/control review; reason is not proof. Run unfiltered advisory and triage per site.
retained	gosec + golangci/gosec	G304	restore.go	750	750	currentUIUsersBody	root go.mod	default constraints	// #nosec G304 -- operator-controlled	See verbatim annotation; path ownership, reachable inputs and supported configuration require verification.	under investigation	annotation only; no protection verified per-site in this audit	Fast PR Gate root race + golangci; QA root race on main/dispatch	@KidCarmi (default CODEOWNER; no per-site assignee)	none recorded	2026-11-03 (audit follow-up, not exception extension)	Retain pending boundary/control review; reason is not proof. Run unfiltered advisory and triage per site.
retained	gosec + golangci/gosec	G104	restore.go	1008	1008	runRestoreCommit	root go.mod	default constraints	// #nosec G104 -- best-effort cleanup	See verbatim annotation; path ownership, reachable inputs and supported configuration require verification.	under investigation	annotation only; no protection verified per-site in this audit	Fast PR Gate root race + golangci; QA root race on main/dispatch	@KidCarmi (default CODEOWNER; no per-site assignee)	none recorded	2026-11-03 (audit follow-up, not exception extension)	Retain pending boundary/control review; reason is not proof. Run unfiltered advisory and triage per site.
retained	gosec + golangci/gosec	G104	restore.go	1014	1014	runRestoreCommit	root go.mod	default constraints	// #nosec G104 -- best-effort cleanup	See verbatim annotation; path ownership, reachable inputs and supported configuration require verification.	under investigation	annotation only; no protection verified per-site in this audit	Fast PR Gate root race + golangci; QA root race on main/dispatch	@KidCarmi (default CODEOWNER; no per-site assignee)	none recorded	2026-11-03 (audit follow-up, not exception extension)	Retain pending boundary/control review; reason is not proof. Run unfiltered advisory and triage per site.
retained	gosec + golangci/gosec	G104	restore.go	1024	1024	runRestoreCommit	root go.mod	default constraints	// #nosec G104 -- best-effort cleanup	See verbatim annotation; path ownership, reachable inputs and supported configuration require verification.	under investigation	annotation only; no protection verified per-site in this audit	Fast PR Gate root race + golangci; QA root race on main/dispatch	@KidCarmi (default CODEOWNER; no per-site assignee)	none recorded	2026-11-03 (audit follow-up, not exception extension)	Retain pending boundary/control review; reason is not proof. Run unfiltered advisory and triage per site.
retained	gosec + golangci/gosec	G104	restore.go	1032	1032	runRestoreCommit	root go.mod	default constraints	// #nosec G104 -- best-effort cleanup	See verbatim annotation; path ownership, reachable inputs and supported configuration require verification.	under investigation	annotation only; no protection verified per-site in this audit	Fast PR Gate root race + golangci; QA root race on main/dispatch	@KidCarmi (default CODEOWNER; no per-site assignee)	none recorded	2026-11-03 (audit follow-up, not exception extension)	Retain pending boundary/control review; reason is not proof. Run unfiltered advisory and triage per site.
retained	gosec + golangci/gosec	G304,G122	restore.go	1212	1212	stageArtifacts	root go.mod	default constraints	// #nosec G304,G122 -- offline restore only (service stopped per	See verbatim annotation; path ownership, reachable inputs and supported configuration require verification.	under investigation	annotation only; no protection verified per-site in this audit	Fast PR Gate root race + golangci; QA root race on main/dispatch	@KidCarmi (default CODEOWNER; no per-site assignee)	none recorded	2026-11-03 (audit follow-up, not exception extension)	Retain pending boundary/control review; reason is not proof. Run unfiltered advisory and triage per site.
retained	gosec + golangci/gosec	G304	restore_decompression_bomb_test.go	77	77	writeTarFixture	root go.mod	default constraints	// #nosec G304 -- test temp path	Fixture confined to tests; real credentials/URLs must not enter shipped paths.	under investigation	test helper (callers not individually mapped)	Fast PR Gate root race + golangci; QA root race on main/dispatch	@KidCarmi (default CODEOWNER; no per-site assignee)	none recorded	2026-11-03 (audit follow-up, not exception extension)	Fixture confinement not individually reverified; standalone gosec excludes tests, golangci may include them.
retained	gosec + golangci/gosec	G304	restore_test.go	54	54	repackTarball	root go.mod	default constraints	// #nosec G304 -- test temp path	Fixture confined to tests; real credentials/URLs must not enter shipped paths.	under investigation	test helper (callers not individually mapped)	Fast PR Gate root race + golangci; QA root race on main/dispatch	@KidCarmi (default CODEOWNER; no per-site assignee)	none recorded	2026-11-03 (audit follow-up, not exception extension)	Fixture confinement not individually reverified; standalone gosec excludes tests, golangci may include them.
retained	gosec + golangci/gosec	G304	restore_test.go	797	797	snapshotDir	root go.mod	default constraints	// #nosec G304 -- test-controlled path	Fixture confined to tests; real credentials/URLs must not enter shipped paths.	under investigation	test helper (callers not individually mapped)	Fast PR Gate root race + golangci; QA root race on main/dispatch	@KidCarmi (default CODEOWNER; no per-site assignee)	none recorded	2026-11-03 (audit follow-up, not exception extension)	Fixture confinement not individually reverified; standalone gosec excludes tests, golangci may include them.
retained	gosec + golangci/gosec	G306	restore_test.go	1410	1410	TestRestoreCommit_TrustRootOnly_PreservesCurrentMode	root go.mod	default constraints	// #nosec G306 -- 0o644 is the explicit subject of this test (mode preservation across restore)	Fixture confined to tests; real credentials/URLs must not enter shipped paths.	under investigation	TestRestoreCommit_TrustRootOnly_PreservesCurrentMode	Fast PR Gate root race + golangci; QA root race on main/dispatch	@KidCarmi (default CODEOWNER; no per-site assignee)	none recorded	2026-11-03 (audit follow-up, not exception extension)	Fixture confinement not individually reverified; standalone gosec excludes tests, golangci may include them.
retained	gosec + golangci/gosec	G304	roster_persist_durability_chaos_test.go	84	84	durableRoster	root go.mod	default constraints	// #nosec G304 -- test-owned temp path	Fixture confined to tests; real credentials/URLs must not enter shipped paths.	under investigation	test helper (callers not individually mapped)	Fast PR Gate root race + golangci; QA root race on main/dispatch	@KidCarmi (default CODEOWNER; no per-site assignee)	none recorded	2026-11-03 (audit follow-up, not exception extension)	Fixture confinement not individually reverified; standalone gosec excludes tests, golangci may include them.
retained	gosec + golangci/gosec	G304	roster_persist_durability_chaos_test.go	961	961	TestChaos70_Wall_RunbookNamesRegisteredEndpoints	root go.mod	default constraints	// #nosec G304 -- fixed in-repo path	Fixture confined to tests; real credentials/URLs must not enter shipped paths.	under investigation	TestChaos70_Wall_RunbookNamesRegisteredEndpoints	Fast PR Gate root race + golangci; QA root race on main/dispatch	@KidCarmi (default CODEOWNER; no per-site assignee)	none recorded	2026-11-03 (audit follow-up, not exception extension)	Fixture confinement not individually reverified; standalone gosec excludes tests, golangci may include them.
retained	gosec + golangci/gosec	G402	saas_feed_download.go	164	164	newFeedFetcher	root go.mod	default constraints	// #nosec G402 -- ServerName pinned, full verification, MinVersion 1.2	See verbatim annotation; path ownership, reachable inputs and supported configuration require verification.	under investigation	annotation only; no protection verified per-site in this audit	Fast PR Gate root race + golangci; QA root race on main/dispatch	@KidCarmi (default CODEOWNER; no per-site assignee)	none recorded	2026-11-03 (audit follow-up, not exception extension)	Retain pending boundary/control review; reason is not proof. Run unfiltered advisory and triage per site.
added	gosec + golangci/gosec	G704	saas_feed_download.go		403	do	root go.mod	default constraints	// #nosec G704 -- pinned origin/path, each redirect revalidated, resolved-IP dial guard; TestF3b2_SSRFPrivateAddressRejected + TestF3b2_RedirectEscapeRejected (RISK-002).	Pinned origin/path, each hop revalidated, resolved-IP dial with original TLS SNI.	protected by a control	TestF3b2_SSRFPrivateAddressRejected; TestF3b2_RedirectEscapeRejected; TestF3b2_DialsResolvedIPWithOfficialHostAndSNI	Fast PR Gate root race + golangci; QA root race on main/dispatch	@KidCarmi (default CODEOWNER; no per-site assignee)	none recorded	2026-11-03 (audit follow-up, not exception extension)	Retire global G704; reuse existing behavioral tests.
added	gosec + golangci/gosec	G704	saas_feed_download.go		412	do	root go.mod	default constraints	// #nosec G704 -- same feed transport and per-hop checks; TestF3b2_DialsResolvedIPWithOfficialHostAndSNI (RISK-002).	Pinned origin/path, each hop revalidated, resolved-IP dial with original TLS SNI.	protected by a control	TestF3b2_SSRFPrivateAddressRejected; TestF3b2_RedirectEscapeRejected; TestF3b2_DialsResolvedIPWithOfficialHostAndSNI	Fast PR Gate root race + golangci; QA root race on main/dispatch	@KidCarmi (default CODEOWNER; no per-site assignee)	none recorded	2026-11-03 (audit follow-up, not exception extension)	Retire global G704; reuse existing behavioral tests.
retained	gosec + golangci/gosec	G304	saas_feed_floor.go	362	362	osFloorFS	root go.mod	default constraints	// #nosec G304 -- fixed constructed paths, not attacker-controlled	See verbatim annotation; path ownership, reachable inputs and supported configuration require verification.	under investigation	annotation only; no protection verified per-site in this audit	Fast PR Gate root race + golangci; QA root race on main/dispatch	@KidCarmi (default CODEOWNER; no per-site assignee)	none recorded	2026-11-03 (audit follow-up, not exception extension)	Retain pending boundary/control review; reason is not proof. Run unfiltered advisory and triage per site.
retained	gosec + golangci/gosec	G304	saas_feed_gc.go	54	54	osGCFS	root go.mod	default constraints	// #nosec G304 -- fixed constructed paths under the generations root	See verbatim annotation; path ownership, reachable inputs and supported configuration require verification.	under investigation	annotation only; no protection verified per-site in this audit	Fast PR Gate root race + golangci; QA root race on main/dispatch	@KidCarmi (default CODEOWNER; no per-site assignee)	none recorded	2026-11-03 (audit follow-up, not exception extension)	Retain pending boundary/control review; reason is not proof. Run unfiltered advisory and triage per site.
retained	gosec + golangci/gosec	G304	saas_feed_genstore.go	238	238	osGenFS	root go.mod	default constraints	// #nosec G304 -- fixed constructed paths under the generations root	See verbatim annotation; path ownership, reachable inputs and supported configuration require verification.	under investigation	annotation only; no protection verified per-site in this audit	Fast PR Gate root race + golangci; QA root race on main/dispatch	@KidCarmi (default CODEOWNER; no per-site assignee)	none recorded	2026-11-03 (audit follow-up, not exception extension)	Retain pending boundary/control review; reason is not proof. Run unfiltered advisory and triage per site.
retained	gosec + golangci/gosec	G304	saas_feed_genstore.go	256	256	fsyncDir	root go.mod	default constraints	// #nosec G304 -- fixed constructed dir under the generations root	See verbatim annotation; path ownership, reachable inputs and supported configuration require verification.	under investigation	annotation only; no protection verified per-site in this audit	Fast PR Gate root race + golangci; QA root race on main/dispatch	@KidCarmi (default CODEOWNER; no per-site assignee)	none recorded	2026-11-03 (audit follow-up, not exception extension)	Retain pending boundary/control review; reason is not proof. Run unfiltered advisory and triage per site.
retained	gosec + golangci/gosec	G304	saas_feed_reverify.go	280	280	osReverifyReader	root go.mod	default constraints	// #nosec G304 -- fixed constructed paths under the generations root	See verbatim annotation; path ownership, reachable inputs and supported configuration require verification.	under investigation	annotation only; no protection verified per-site in this audit	Fast PR Gate root race + golangci; QA root race on main/dispatch	@KidCarmi (default CODEOWNER; no per-site assignee)	none recorded	2026-11-03 (audit follow-up, not exception extension)	Retain pending boundary/control review; reason is not proof. Run unfiltered advisory and triage per site.
retained	gosec + golangci/gosec	G404	saas_feed_scheduler.go	75	75	stableJitter	root go.mod	default constraints	// #nosec G404 -- fleet spread, not crypto; chosen once	See verbatim annotation; path ownership, reachable inputs and supported configuration require verification.	under investigation	annotation only; no protection verified per-site in this audit	Fast PR Gate root race + golangci; QA root race on main/dispatch	@KidCarmi (default CODEOWNER; no per-site assignee)	none recorded	2026-11-03 (audit follow-up, not exception extension)	Retain pending boundary/control review; reason is not proof. Run unfiltered advisory and triage per site.
retained	gosec + golangci/gosec	G304	saas_feed_writer_domain_test.go	39	39	wdReadSettingsFile	root go.mod	default constraints	// #nosec G304 -- test temp path	Fixture confined to tests; real credentials/URLs must not enter shipped paths.	under investigation	test helper (callers not individually mapped)	Fast PR Gate root race + golangci; QA root race on main/dispatch	@KidCarmi (default CODEOWNER; no per-site assignee)	none recorded	2026-11-03 (audit follow-up, not exception extension)	Fixture confinement not individually reverified; standalone gosec excludes tests, golangci may include them.
added	gosec + golangci/gosec	G204	security_suppression_evidence_test.go		10	TestStaticArtifactEvidence	root go.mod	default constraints	// #nosec G204 -- fixed repository evidence check; its fixtures are built in a temporary directory and never executed.	Fixed command and repository-owned script; binaries inspected, never executed.	false positive	TestStaticArtifactEvidence	Fast PR Gate root race + golangci; QA root race on main/dispatch	@KidCarmi (default CODEOWNER; no per-site assignee)	none recorded	2026-11-03 (audit follow-up, not exception extension)	Retain narrow G204 test annotation.
retained	gosec + golangci/gosec	G124	session.go	146	146	setSessionCookie	root go.mod	default constraints	// #nosec G124 -- Secure is dynamic: true when TLS, false for plain HTTP (by design)	See verbatim annotation; path ownership, reachable inputs and supported configuration require verification.	under investigation	annotation only; no protection verified per-site in this audit	Fast PR Gate root race + golangci; QA root race on main/dispatch	@KidCarmi (default CODEOWNER; no per-site assignee)	none recorded	2026-11-03 (audit follow-up, not exception extension)	Retain pending boundary/control review; reason is not proof. Run unfiltered advisory and triage per site.
retained	gosec + golangci/gosec	G124	session.go	173	173	clearSessionCookie	root go.mod	default constraints	// #nosec G124 -- Secure is dynamic: true when TLS, false for plain HTTP (by design)	See verbatim annotation; path ownership, reachable inputs and supported configuration require verification.	under investigation	annotation only; no protection verified per-site in this audit	Fast PR Gate root race + golangci; QA root race on main/dispatch	@KidCarmi (default CODEOWNER; no per-site assignee)	none recorded	2026-11-03 (audit follow-up, not exception extension)	Retain pending boundary/control review; reason is not proof. Run unfiltered advisory and triage per site.
retained	golangci/gosec only	all rules (no explicit ID)	session_test.go	108	108	TestInitSessionSecret_TrailingNewline	root go.mod	default constraints	//nolint:gosec // test value	Fixture confined to tests; real credentials/URLs must not enter shipped paths.	under investigation	TestInitSessionSecret_TrailingNewline	Fast PR Gate root race + golangci; QA root race on main/dispatch	@KidCarmi (default CODEOWNER; no per-site assignee)	none recorded	2026-11-03 (audit follow-up, not exception extension)	Fixture confinement not individually reverified; standalone gosec excludes tests, golangci may include them.
retained	golangci/gosec only	G115	shadow_soak_test.go	598	598	publishEchoPolicy	root go.mod	default constraints	//nolint:gosec // G115: rev is a small positive test revision; gwPolicyDoc takes int.	Fixture confined to tests; real credentials/URLs must not enter shipped paths.	under investigation	test helper (callers not individually mapped)	Fast PR Gate root race + golangci; QA root race on main/dispatch	@KidCarmi (default CODEOWNER; no per-site assignee)	none recorded	2026-11-03 (audit follow-up, not exception extension)	Fixture confinement not individually reverified; standalone gosec excludes tests, golangci may include them.
retained	gosec + golangci/gosec	G115	socks5_log_injection_test.go	119	119	socks5ConnectRaw	root go.mod	default constraints	// #nosec G115 -- length checked above	Fixture confined to tests; real credentials/URLs must not enter shipped paths.	under investigation	test helper (callers not individually mapped)	Fast PR Gate root race + golangci; QA root race on main/dispatch	@KidCarmi (default CODEOWNER; no per-site assignee)	none recorded	2026-11-03 (audit follow-up, not exception extension)	Fixture confinement not individually reverified; standalone gosec excludes tests, golangci may include them.
retained	golangci/gosec only	G115	socks5_parse_test.go	27	27	domainAddr	root go.mod	default constraints	//nolint:gosec // G115: length bounded to <=255 above	Fixture confined to tests; real credentials/URLs must not enter shipped paths.	under investigation	test helper (callers not individually mapped)	Fast PR Gate root race + golangci; QA root race on main/dispatch	@KidCarmi (default CODEOWNER; no per-site assignee)	none recorded	2026-11-03 (audit follow-up, not exception extension)	Fixture confinement not individually reverified; standalone gosec excludes tests, golangci may include them.
retained	gosec + golangci/gosec	G115	socks5_test.go	35	35	socks5HandshakeAuth	root go.mod	default constraints	// #nosec G115 -- test helper; user/pass always short	Fixture confined to tests; real credentials/URLs must not enter shipped paths.	under investigation	test helper (callers not individually mapped)	Fast PR Gate root race + golangci; QA root race on main/dispatch	@KidCarmi (default CODEOWNER; no per-site assignee)	none recorded	2026-11-03 (audit follow-up, not exception extension)	Fixture confinement not individually reverified; standalone gosec excludes tests, golangci may include them.
retained	gosec + golangci/gosec	G115	socks5_test.go	37	37	socks5HandshakeAuth	root go.mod	default constraints	// #nosec G115	Fixture confined to tests; real credentials/URLs must not enter shipped paths.	under investigation	test helper (callers not individually mapped)	Fast PR Gate root race + golangci; QA root race on main/dispatch	@KidCarmi (default CODEOWNER; no per-site assignee)	none recorded	2026-11-03 (audit follow-up, not exception extension)	Fixture confinement not individually reverified; standalone gosec excludes tests, golangci may include them.
retained	gosec + golangci/gosec	G115	socks5_test.go	139	139	TestSOCKS5_Connect_SSRF_Blocks_Loopback	root go.mod	default constraints	// #nosec G115 -- test port always < 65535	Fixture confined to tests; real credentials/URLs must not enter shipped paths.	under investigation	TestSOCKS5_Connect_SSRF_Blocks_Loopback	Fast PR Gate root race + golangci; QA root race on main/dispatch	@KidCarmi (default CODEOWNER; no per-site assignee)	none recorded	2026-11-03 (audit follow-up, not exception extension)	Fixture confinement not individually reverified; standalone gosec excludes tests, golangci may include them.
retained	gosec + golangci/gosec	G115	socks5_test.go	140	140	TestSOCKS5_Connect_SSRF_Blocks_Loopback	root go.mod	default constraints	// #nosec G115 -- test host always short	Fixture confined to tests; real credentials/URLs must not enter shipped paths.	under investigation	TestSOCKS5_Connect_SSRF_Blocks_Loopback	Fast PR Gate root race + golangci; QA root race on main/dispatch	@KidCarmi (default CODEOWNER; no per-site assignee)	none recorded	2026-11-03 (audit follow-up, not exception extension)	Fixture confinement not individually reverified; standalone gosec excludes tests, golangci may include them.
retained	gosec + golangci/gosec	G115	socks5_test.go	226	226	TestSOCKS5_Blocked_Host	root go.mod	default constraints	// #nosec G115 -- test host always short	Fixture confined to tests; real credentials/URLs must not enter shipped paths.	under investigation	TestSOCKS5_Blocked_Host	Fast PR Gate root race + golangci; QA root race on main/dispatch	@KidCarmi (default CODEOWNER; no per-site assignee)	none recorded	2026-11-03 (audit follow-up, not exception extension)	Fixture confinement not individually reverified; standalone gosec excludes tests, golangci may include them.
retained	gosec + golangci/gosec	G404	store.go	210	210	tsShardIndex	root go.mod	default constraints	// #nosec G404 -- shard spread, not crypto	See verbatim annotation; path ownership, reachable inputs and supported configuration require verification.	under investigation	annotation only; no protection verified per-site in this audit	Fast PR Gate root race + golangci; QA root race on main/dispatch	@KidCarmi (default CODEOWNER; no per-site assignee)	none recorded	2026-11-03 (audit follow-up, not exception extension)	Retain pending boundary/control review; reason is not proof. Run unfiltered advisory and triage per site.
retained	gosec + golangci/gosec	G124	store_authsource_test.go	83	83	TestAuthSource_SessionCookieProvider	root go.mod	default constraints	// #nosec G124 -- request-side fixture	Fixture confined to tests; real credentials/URLs must not enter shipped paths.	under investigation	TestAuthSource_SessionCookieProvider	Fast PR Gate root race + golangci; QA root race on main/dispatch	@KidCarmi (default CODEOWNER; no per-site assignee)	none recorded	2026-11-03 (audit follow-up, not exception extension)	Fixture confinement not individually reverified; standalone gosec excludes tests, golangci may include them.
retained	gosec + golangci/gosec	G705	support_export.go	93	93	apiSupportBundleExportEncrypted	root go.mod	default constraints	// #nosec G705 -- enc is opaque AES-256-GCM ciphertext (backupcrypt.EncryptBlob)	See verbatim annotation; path ownership, reachable inputs and supported configuration require verification.	under investigation	annotation only; no protection verified per-site in this audit	Fast PR Gate root race + golangci; QA root race on main/dispatch	@KidCarmi (default CODEOWNER; no per-site assignee)	none recorded	2026-11-03 (audit follow-up, not exception extension)	Retain pending boundary/control review; reason is not proof. Run unfiltered advisory and triage per site.
retained	gosec + golangci/gosec	G705	support_export.go	217	217	apiSupportBundleExportSealed	root go.mod	default constraints	// #nosec G705 -- sealed is opaque NaCl sealed-box ciphertext (sealbox.Seal)	See verbatim annotation; path ownership, reachable inputs and supported configuration require verification.	under investigation	annotation only; no protection verified per-site in this audit	Fast PR Gate root race + golangci; QA root race on main/dispatch	@KidCarmi (default CODEOWNER; no per-site assignee)	none recorded	2026-11-03 (audit follow-up, not exception extension)	Retain pending boundary/control review; reason is not proof. Run unfiltered advisory and triage per site.
retained	gosec + golangci/gosec	G304	support_telemetry_config.go	104	104	readTelemetryConfigBytes	root go.mod	default constraints	// #nosec G304 -- fixed filename under dataDir; oNoFollow refuses a symlink	See verbatim annotation; path ownership, reachable inputs and supported configuration require verification.	under investigation	annotation only; no protection verified per-site in this audit	Fast PR Gate root race + golangci; QA root race on main/dispatch	@KidCarmi (default CODEOWNER; no per-site assignee)	none recorded	2026-11-03 (audit follow-up, not exception extension)	Retain pending boundary/control review; reason is not proof. Run unfiltered advisory and triage per site.
retained	gosec + golangci/gosec	G101	support_telemetry_config_test.go	320	320	TestTelemetryConfigAuditDoesNotLeakCredential	root go.mod	default constraints	// #nosec G101 -- fake test fixture value, not a real credential	Fixture confined to tests; real credentials/URLs must not enter shipped paths.	under investigation	TestTelemetryConfigAuditDoesNotLeakCredential	Fast PR Gate root race + golangci; QA root race on main/dispatch	@KidCarmi (default CODEOWNER; no per-site assignee)	none recorded	2026-11-03 (audit follow-up, not exception extension)	Fixture confinement not individually reverified; standalone gosec excludes tests, golangci may include them.
retained	gosec + golangci/gosec	G101	support_telemetry_config_test.go	558	558	TestTelemetryConfigUnsafeFileDoesNotLogCredential	root go.mod	default constraints	// #nosec G101 -- fake test fixture value	Fixture confined to tests; real credentials/URLs must not enter shipped paths.	under investigation	TestTelemetryConfigUnsafeFileDoesNotLogCredential	Fast PR Gate root race + golangci; QA root race on main/dispatch	@KidCarmi (default CODEOWNER; no per-site assignee)	none recorded	2026-11-03 (audit follow-up, not exception extension)	Fixture confinement not individually reverified; standalone gosec excludes tests, golangci may include them.
retained	gosec + golangci/gosec	G101	support_telemetry_config_test.go	696	696	TestTelemetryStartupWithMalformedPersistedCredential	root go.mod	default constraints	// #nosec G101 -- fake test fixture value	Fixture confined to tests; real credentials/URLs must not enter shipped paths.	under investigation	TestTelemetryStartupWithMalformedPersistedCredential	Fast PR Gate root race + golangci; QA root race on main/dispatch	@KidCarmi (default CODEOWNER; no per-site assignee)	none recorded	2026-11-03 (audit follow-up, not exception extension)	Fixture confinement not individually reverified; standalone gosec excludes tests, golangci may include them.
retained	gosec + golangci/gosec	G304	support_telemetry_config_test.go	876	876	TestTelemetryBoundedReadRejectsGrowthPastCap	root go.mod	default constraints	// #nosec G304 -- test fixture under t.TempDir()	Fixture confined to tests; real credentials/URLs must not enter shipped paths.	under investigation	TestTelemetryBoundedReadRejectsGrowthPastCap	Fast PR Gate root race + golangci; QA root race on main/dispatch	@KidCarmi (default CODEOWNER; no per-site assignee)	none recorded	2026-11-03 (audit follow-up, not exception extension)	Fixture confinement not individually reverified; standalone gosec excludes tests, golangci may include them.
retained	gosec + golangci/gosec	G304	support_telemetry_config_test.go	892	892	TestTelemetryBoundedReadRejectsGrowthPastCap	root go.mod	default constraints	// #nosec G304 -- test fixture under t.TempDir()	Fixture confined to tests; real credentials/URLs must not enter shipped paths.	under investigation	TestTelemetryBoundedReadRejectsGrowthPastCap	Fast PR Gate root race + golangci; QA root race on main/dispatch	@KidCarmi (default CODEOWNER; no per-site assignee)	none recorded	2026-11-03 (audit follow-up, not exception extension)	Fixture confinement not individually reverified; standalone gosec excludes tests, golangci may include them.
retained	gosec + golangci/gosec	G101	support_telemetry_config_test.go	918	918	TestTelemetryConfigSwapCannotRedirectLoad	root go.mod	default constraints	// #nosec G101 -- fake test fixture value	Fixture confined to tests; real credentials/URLs must not enter shipped paths.	under investigation	TestTelemetryConfigSwapCannotRedirectLoad	Fast PR Gate root race + golangci; QA root race on main/dispatch	@KidCarmi (default CODEOWNER; no per-site assignee)	none recorded	2026-11-03 (audit follow-up, not exception extension)	Fixture confinement not individually reverified; standalone gosec excludes tests, golangci may include them.
retained	gosec + golangci/gosec	G304	support_telemetry_config_test.go	933	933	TestTelemetryConfigSwapCannotRedirectLoad	root go.mod	default constraints	// #nosec G304 -- test fixture under t.TempDir()	Fixture confined to tests; real credentials/URLs must not enter shipped paths.	under investigation	TestTelemetryConfigSwapCannotRedirectLoad	Fast PR Gate root race + golangci; QA root race on main/dispatch	@KidCarmi (default CODEOWNER; no per-site assignee)	none recorded	2026-11-03 (audit follow-up, not exception extension)	Fixture confinement not individually reverified; standalone gosec excludes tests, golangci may include them.
retained	gosec + golangci/gosec	G304	support_telemetry_sealed_golden_test.go	947	947	TestSealedGoldenTestKeyIsConfinedToTestData	root go.mod	default constraints	// #nosec G304 -- trusted in-repo source path collected by filepath.Walk	Fixture confined to tests; real credentials/URLs must not enter shipped paths.	under investigation	TestSealedGoldenTestKeyIsConfinedToTestData	Fast PR Gate root race + golangci; QA root race on main/dispatch	@KidCarmi (default CODEOWNER; no per-site assignee)	none recorded	2026-11-03 (audit follow-up, not exception extension)	Fixture confinement not individually reverified; standalone gosec excludes tests, golangci may include them.
retained	gosec + golangci/gosec	G304	ui_audit_actor_basicauth_test.go	205	205	TestAuditActor_BasicIdentityOriginatesOnlyFromVerifiedLogin	root go.mod	default constraints	// #nosec G304 -- test-local glob of this package's own sources	Fixture confined to tests; real credentials/URLs must not enter shipped paths.	under investigation	TestAuditActor_BasicIdentityOriginatesOnlyFromVerifiedLogin	Fast PR Gate root race + golangci; QA root race on main/dispatch	@KidCarmi (default CODEOWNER; no per-site assignee)	none recorded	2026-11-03 (audit follow-up, not exception extension)	Fixture confinement not individually reverified; standalone gosec excludes tests, golangci may include them.
retained	gosec + golangci/gosec	G101	ui_audit_e2e_test.go	27	27	TestUIE2E_AuditTrailSurfaced	root go.mod	uie2e	// #nosec G101 -- test-only fixture credentials	Fixture confined to tests; real credentials/URLs must not enter shipped paths.	under investigation	TestUIE2E_AuditTrailSurfaced	Fast PR Gate root race + golangci; QA root race on main/dispatch; requires build tag uie2e (not assumed in ordinary race lane)	@KidCarmi (default CODEOWNER; no per-site assignee)	none recorded	2026-11-03 (audit follow-up, not exception extension)	Fixture confinement not individually reverified; standalone gosec excludes tests, golangci may include them.
retained	gosec + golangci/gosec	G101	ui_audit_objectid_e2e_test.go	18	18	TestUIE2E_AuditLog_FilterableByRuleID	root go.mod	uie2e	// #nosec G101 -- test-only fixture credentials	Fixture confined to tests; real credentials/URLs must not enter shipped paths.	under investigation	TestUIE2E_AuditLog_FilterableByRuleID	Fast PR Gate root race + golangci; QA root race on main/dispatch; requires build tag uie2e (not assumed in ordinary race lane)	@KidCarmi (default CODEOWNER; no per-site assignee)	none recorded	2026-11-03 (audit follow-up, not exception extension)	Fixture confinement not individually reverified; standalone gosec excludes tests, golangci may include them.
retained	gosec + golangci/gosec	G710	ui_auth.go	1021	1021	authSAMLCallback	root go.mod	default constraints	"// #nosec G710 -- safeRelay is ""/"" or an absolute http(s) URL whose host passed isPrivateHost; see inline guard above"	See verbatim annotation; path ownership, reachable inputs and supported configuration require verification.	under investigation	annotation only; no protection verified per-site in this audit	Fast PR Gate root race + golangci; QA root race on main/dispatch	@KidCarmi (default CODEOWNER; no per-site assignee)	none recorded	2026-11-03 (audit follow-up, not exception extension)	Retain pending boundary/control review; reason is not proof. Run unfiltered advisory and triage per site.
retained	gosec + golangci/gosec	G101	ui_blocklist_e2e_test.go	28	28	TestUIE2E_BlocklistCrossPlane	root go.mod	uie2e	// #nosec G101 -- test-only fixture credentials	Fixture confined to tests; real credentials/URLs must not enter shipped paths.	under investigation	TestUIE2E_BlocklistCrossPlane	Fast PR Gate root race + golangci; QA root race on main/dispatch; requires build tag uie2e (not assumed in ordinary race lane)	@KidCarmi (default CODEOWNER; no per-site assignee)	none recorded	2026-11-03 (audit follow-up, not exception extension)	Fixture confinement not individually reverified; standalone gosec excludes tests, golangci may include them.
retained	gosec + golangci/gosec	G101	ui_ca_e2e_test.go	27	27	TestUIE2E_CAPanelShowsRoot	root go.mod	uie2e	// #nosec G101 -- test-only fixture credentials	Fixture confined to tests; real credentials/URLs must not enter shipped paths.	under investigation	TestUIE2E_CAPanelShowsRoot	Fast PR Gate root race + golangci; QA root race on main/dispatch; requires build tag uie2e (not assumed in ordinary race lane)	@KidCarmi (default CODEOWNER; no per-site assignee)	none recorded	2026-11-03 (audit follow-up, not exception extension)	Fixture confinement not individually reverified; standalone gosec excludes tests, golangci may include them.
retained	gosec + golangci/gosec	G101	ui_category_group_id_e2e_test.go	18	18	TestUIE2E_CategoryGroupEdit_AddressesByID	root go.mod	uie2e	// #nosec G101 -- test-only fixture credentials	Fixture confined to tests; real credentials/URLs must not enter shipped paths.	under investigation	TestUIE2E_CategoryGroupEdit_AddressesByID	Fast PR Gate root race + golangci; QA root race on main/dispatch; requires build tag uie2e (not assumed in ordinary race lane)	@KidCarmi (default CODEOWNER; no per-site assignee)	none recorded	2026-11-03 (audit follow-up, not exception extension)	Fixture confinement not individually reverified; standalone gosec excludes tests, golangci may include them.
retained	gosec + golangci/gosec	G101	ui_configversion_e2e_test.go	37	37	TestUIE2E_ConfigVersionRollbackCrossPlane	root go.mod	uie2e	// #nosec G101 -- test-only fixture credentials	Fixture confined to tests; real credentials/URLs must not enter shipped paths.	under investigation	TestUIE2E_ConfigVersionRollbackCrossPlane	Fast PR Gate root race + golangci; QA root race on main/dispatch; requires build tag uie2e (not assumed in ordinary race lane)	@KidCarmi (default CODEOWNER; no per-site assignee)	none recorded	2026-11-03 (audit follow-up, not exception extension)	Fixture confinement not individually reverified; standalone gosec excludes tests, golangci may include them.
retained	gosec + golangci/gosec	G101	ui_danger_quiet_e2e_test.go	92	92	TestUIE2E_DangerQuietRowButton	root go.mod	uie2e	// #nosec G101 -- test-only fixture credentials	Fixture confined to tests; real credentials/URLs must not enter shipped paths.	under investigation	TestUIE2E_DangerQuietRowButton	Fast PR Gate root race + golangci; QA root race on main/dispatch; requires build tag uie2e (not assumed in ordinary race lane)	@KidCarmi (default CODEOWNER; no per-site assignee)	none recorded	2026-11-03 (audit follow-up, not exception extension)	Fixture confinement not individually reverified; standalone gosec excludes tests, golangci may include them.
retained	gosec + golangci/gosec	G101	ui_decryption_profile_id_e2e_test.go	18	18	TestUIE2E_DecryptionProfileEdit_AddressesByID	root go.mod	uie2e	// #nosec G101 -- test-only fixture credentials	Fixture confined to tests; real credentials/URLs must not enter shipped paths.	under investigation	TestUIE2E_DecryptionProfileEdit_AddressesByID	Fast PR Gate root race + golangci; QA root race on main/dispatch; requires build tag uie2e (not assumed in ordinary race lane)	@KidCarmi (default CODEOWNER; no per-site assignee)	none recorded	2026-11-03 (audit follow-up, not exception extension)	Fixture confinement not individually reverified; standalone gosec excludes tests, golangci may include them.
retained	gosec + golangci/gosec	G101	ui_diagnostics_e2e_test.go	22	22	TestUIE2E_DiagnosticsPanelRuns	root go.mod	uie2e	// #nosec G101 -- test-only fixture credentials	Fixture confined to tests; real credentials/URLs must not enter shipped paths.	under investigation	TestUIE2E_DiagnosticsPanelRuns	Fast PR Gate root race + golangci; QA root race on main/dispatch; requires build tag uie2e (not assumed in ordinary race lane)	@KidCarmi (default CODEOWNER; no per-site assignee)	none recorded	2026-11-03 (audit follow-up, not exception extension)	Fixture confinement not individually reverified; standalone gosec excludes tests, golangci may include them.
retained	gosec + golangci/gosec	G101	ui_dialogs_e2e_test.go	28	28	TestUIE2E_TypedConfirmationGate	root go.mod	uie2e	// #nosec G101 -- test-only fixture credentials	Fixture confined to tests; real credentials/URLs must not enter shipped paths.	under investigation	TestUIE2E_TypedConfirmationGate	Fast PR Gate root race + golangci; QA root race on main/dispatch; requires build tag uie2e (not assumed in ordinary race lane)	@KidCarmi (default CODEOWNER; no per-site assignee)	none recorded	2026-11-03 (audit follow-up, not exception extension)	Fixture confinement not individually reverified; standalone gosec excludes tests, golangci may include them.
retained	gosec + golangci/gosec	G101	ui_dialogs_e2e_test.go	82	82	TestUIE2E_ModalStackNesting	root go.mod	uie2e	// #nosec G101 -- test-only fixture credentials	Fixture confined to tests; real credentials/URLs must not enter shipped paths.	under investigation	TestUIE2E_ModalStackNesting	Fast PR Gate root race + golangci; QA root race on main/dispatch; requires build tag uie2e (not assumed in ordinary race lane)	@KidCarmi (default CODEOWNER; no per-site assignee)	none recorded	2026-11-03 (audit follow-up, not exception extension)	Fixture confinement not individually reverified; standalone gosec excludes tests, golangci may include them.
retained	gosec + golangci/gosec	G101	ui_events_e2e_test.go	34	34	TestUIE2E_LiveSSEDashboard	root go.mod	uie2e	// #nosec G101 -- test-only fixture credentials	Fixture confined to tests; real credentials/URLs must not enter shipped paths.	under investigation	TestUIE2E_LiveSSEDashboard	Fast PR Gate root race + golangci; QA root race on main/dispatch; requires build tag uie2e (not assumed in ordinary race lane)	@KidCarmi (default CODEOWNER; no per-site assignee)	none recorded	2026-11-03 (audit follow-up, not exception extension)	Fixture confinement not individually reverified; standalone gosec excludes tests, golangci may include them.
retained	gosec + golangci/gosec	G101	ui_fileblock_e2e_test.go	26	26	TestUIE2E_FileBlockCrossPlane	root go.mod	uie2e	// #nosec G101 -- test-only fixture credentials	Fixture confined to tests; real credentials/URLs must not enter shipped paths.	under investigation	TestUIE2E_FileBlockCrossPlane	Fast PR Gate root race + golangci; QA root race on main/dispatch; requires build tag uie2e (not assumed in ordinary race lane)	@KidCarmi (default CODEOWNER; no per-site assignee)	none recorded	2026-11-03 (audit follow-up, not exception extension)	Fixture confinement not individually reverified; standalone gosec excludes tests, golangci may include them.
retained	gosec + golangci/gosec	G101	ui_governance_e2e_test.go	24	24	TestUIE2E_GovernancePanelSurfacesControlPlane	root go.mod	uie2e	// #nosec G101 -- test-only fixture credentials	Fixture confined to tests; real credentials/URLs must not enter shipped paths.	under investigation	TestUIE2E_GovernancePanelSurfacesControlPlane	Fast PR Gate root race + golangci; QA root race on main/dispatch; requires build tag uie2e (not assumed in ordinary race lane)	@KidCarmi (default CODEOWNER; no per-site assignee)	none recorded	2026-11-03 (audit follow-up, not exception extension)	Fixture confinement not individually reverified; standalone gosec excludes tests, golangci may include them.
retained	gosec + golangci/gosec	G101	ui_idp_ldap_e2e_test.go	35	35	TestUIE2E_LDAPProviderCreateEditSecretAndWarnings	root go.mod	uie2e	// #nosec G101 -- test-only fixture credentials	Fixture confined to tests; real credentials/URLs must not enter shipped paths.	under investigation	TestUIE2E_LDAPProviderCreateEditSecretAndWarnings	Fast PR Gate root race + golangci; QA root race on main/dispatch; requires build tag uie2e (not assumed in ordinary race lane)	@KidCarmi (default CODEOWNER; no per-site assignee)	none recorded	2026-11-03 (audit follow-up, not exception extension)	Fixture confinement not individually reverified; standalone gosec excludes tests, golangci may include them.
retained	gosec + golangci/gosec	G101	ui_idp_ldap_e2e_test.go	193	193	TestUIE2E_LDAPProviderViewerCannotSeePanel	root go.mod	uie2e	// #nosec G101 -- test-only fixture credentials	Fixture confined to tests; real credentials/URLs must not enter shipped paths.	under investigation	TestUIE2E_LDAPProviderViewerCannotSeePanel	Fast PR Gate root race + golangci; QA root race on main/dispatch; requires build tag uie2e (not assumed in ordinary race lane)	@KidCarmi (default CODEOWNER; no per-site assignee)	none recorded	2026-11-03 (audit follow-up, not exception extension)	Fixture confinement not individually reverified; standalone gosec excludes tests, golangci may include them.
retained	gosec + golangci/gosec	G101	ui_import_preview_e2e_test.go	21	21	TestUIE2E_ImportPreview_CancelLeavesStateUntouched	root go.mod	uie2e	// #nosec G101 -- test-only fixture credentials	Fixture confined to tests; real credentials/URLs must not enter shipped paths.	under investigation	TestUIE2E_ImportPreview_CancelLeavesStateUntouched	Fast PR Gate root race + golangci; QA root race on main/dispatch; requires build tag uie2e (not assumed in ordinary race lane)	@KidCarmi (default CODEOWNER; no per-site assignee)	none recorded	2026-11-03 (audit follow-up, not exception extension)	Fixture confinement not individually reverified; standalone gosec excludes tests, golangci may include them.
retained	gosec + golangci/gosec	G101	ui_login_e2e_test.go	25	25	TestUIE2E_LoginFlow	root go.mod	uie2e	// #nosec G101 -- test-only fixture credentials	Fixture confined to tests; real credentials/URLs must not enter shipped paths.	under investigation	TestUIE2E_LoginFlow	Fast PR Gate root race + golangci; QA root race on main/dispatch; requires build tag uie2e (not assumed in ordinary race lane)	@KidCarmi (default CODEOWNER; no per-site assignee)	none recorded	2026-11-03 (audit follow-up, not exception extension)	Fixture confinement not individually reverified; standalone gosec excludes tests, golangci may include them.
retained	gosec + golangci/gosec	G124	ui_mcp_tooltrust_live_test.go	30	30	mcpReqLive	root go.mod	default constraints	// #nosec G124 -- request-side session-cookie fixture sent TO the handler; Secure/HttpOnly/SameSite are response attributes, irrelevant here	Fixture confined to tests; real credentials/URLs must not enter shipped paths.	under investigation	test helper (callers not individually mapped)	Fast PR Gate root race + golangci; QA root race on main/dispatch	@KidCarmi (default CODEOWNER; no per-site assignee)	none recorded	2026-11-03 (audit follow-up, not exception extension)	Fixture confinement not individually reverified; standalone gosec excludes tests, golangci may include them.
retained	gosec + golangci/gosec	G101	ui_pac_e2e_test.go	27	27	TestUIE2E_PACServedAndPreviewed	root go.mod	uie2e	// #nosec G101 -- test-only fixture credentials	Fixture confined to tests; real credentials/URLs must not enter shipped paths.	under investigation	TestUIE2E_PACServedAndPreviewed	Fast PR Gate root race + golangci; QA root race on main/dispatch; requires build tag uie2e (not assumed in ordinary race lane)	@KidCarmi (default CODEOWNER; no per-site assignee)	none recorded	2026-11-03 (audit follow-up, not exception extension)	Fixture confinement not individually reverified; standalone gosec excludes tests, golangci may include them.
retained	gosec + golangci/gosec	G101	ui_pac_e2e_test.go	81	81	TestUIE2E_PACProfileEndpointsServed	root go.mod	uie2e	// #nosec G101 -- test-only fixture credentials	Fixture confined to tests; real credentials/URLs must not enter shipped paths.	under investigation	TestUIE2E_PACProfileEndpointsServed	Fast PR Gate root race + golangci; QA root race on main/dispatch; requires build tag uie2e (not assumed in ordinary race lane)	@KidCarmi (default CODEOWNER; no per-site assignee)	none recorded	2026-11-03 (audit follow-up, not exception extension)	Fixture confinement not individually reverified; standalone gosec excludes tests, golangci may include them.
retained	gosec + golangci/gosec	G101	ui_pac_e2e_test.go	124	124	TestUIE2E_PACInventoryAndChangePreview	root go.mod	uie2e	// #nosec G101 -- test-only fixture credentials	Fixture confined to tests; real credentials/URLs must not enter shipped paths.	under investigation	TestUIE2E_PACInventoryAndChangePreview	Fast PR Gate root race + golangci; QA root race on main/dispatch; requires build tag uie2e (not assumed in ordinary race lane)	@KidCarmi (default CODEOWNER; no per-site assignee)	none recorded	2026-11-03 (audit follow-up, not exception extension)	Fixture confinement not individually reverified; standalone gosec excludes tests, golangci may include them.
retained	gosec + golangci/gosec	G101	ui_pac_e2e_test.go	162	162	TestUIE2E_PACSaveConfigRefreshesPreview	root go.mod	uie2e	// #nosec G101 -- test-only fixture credentials	Fixture confined to tests; real credentials/URLs must not enter shipped paths.	under investigation	TestUIE2E_PACSaveConfigRefreshesPreview	Fast PR Gate root race + golangci; QA root race on main/dispatch; requires build tag uie2e (not assumed in ordinary race lane)	@KidCarmi (default CODEOWNER; no per-site assignee)	none recorded	2026-11-03 (audit follow-up, not exception extension)	Fixture confinement not individually reverified; standalone gosec excludes tests, golangci may include them.
retained	gosec + golangci/gosec	G101	ui_pac_e2e_test.go	191	191	TestUIE2E_PACEditorsOpen	root go.mod	uie2e	// #nosec G101 -- test-only fixture credentials	Fixture confined to tests; real credentials/URLs must not enter shipped paths.	under investigation	TestUIE2E_PACEditorsOpen	Fast PR Gate root race + golangci; QA root race on main/dispatch; requires build tag uie2e (not assumed in ordinary race lane)	@KidCarmi (default CODEOWNER; no per-site assignee)	none recorded	2026-11-03 (audit follow-up, not exception extension)	Fixture confinement not individually reverified; standalone gosec excludes tests, golangci may include them.
retained	gosec + golangci/gosec	G101	ui_pac_e2e_test.go	219	219	TestUIE2E_PACSimulator	root go.mod	uie2e	// #nosec G101 -- test-only fixture credentials	Fixture confined to tests; real credentials/URLs must not enter shipped paths.	under investigation	TestUIE2E_PACSimulator	Fast PR Gate root race + golangci; QA root race on main/dispatch; requires build tag uie2e (not assumed in ordinary race lane)	@KidCarmi (default CODEOWNER; no per-site assignee)	none recorded	2026-11-03 (audit follow-up, not exception extension)	Fixture confinement not individually reverified; standalone gosec excludes tests, golangci may include them.
retained	gosec + golangci/gosec	G101	ui_policy_draft_e2e_test.go	18	18	TestUIE2E_PolicyDraft_CommitBar	root go.mod	uie2e	// #nosec G101 -- test-only fixture credentials	Fixture confined to tests; real credentials/URLs must not enter shipped paths.	under investigation	TestUIE2E_PolicyDraft_CommitBar	Fast PR Gate root race + golangci; QA root race on main/dispatch; requires build tag uie2e (not assumed in ordinary race lane)	@KidCarmi (default CODEOWNER; no per-site assignee)	none recorded	2026-11-03 (audit follow-up, not exception extension)	Fixture confinement not individually reverified; standalone gosec excludes tests, golangci may include them.
retained	gosec + golangci/gosec	G101	ui_policy_e2e_test.go	32	32	TestUIE2E_PolicyEditorCrossPlane	root go.mod	uie2e	// #nosec G101 -- test-only fixture credentials	Fixture confined to tests; real credentials/URLs must not enter shipped paths.	under investigation	TestUIE2E_PolicyEditorCrossPlane	Fast PR Gate root race + golangci; QA root race on main/dispatch; requires build tag uie2e (not assumed in ordinary race lane)	@KidCarmi (default CODEOWNER; no per-site assignee)	none recorded	2026-11-03 (audit follow-up, not exception extension)	Fixture confinement not individually reverified; standalone gosec excludes tests, golangci may include them.
retained	gosec + golangci/gosec	G101	ui_policy_id_addressing_e2e_test.go	19	19	TestUIE2E_PolicyEdit_AddressesByID	root go.mod	uie2e	// #nosec G101 -- test-only fixture credentials	Fixture confined to tests; real credentials/URLs must not enter shipped paths.	under investigation	TestUIE2E_PolicyEdit_AddressesByID	Fast PR Gate root race + golangci; QA root race on main/dispatch; requires build tag uie2e (not assumed in ordinary race lane)	@KidCarmi (default CODEOWNER; no per-site assignee)	none recorded	2026-11-03 (audit follow-up, not exception extension)	Fixture confinement not individually reverified; standalone gosec excludes tests, golangci may include them.
retained	gosec + golangci/gosec	G101	ui_policytester_e2e_test.go	24	24	TestUIE2E_PolicyTesterSimulatesDecision	root go.mod	uie2e	// #nosec G101 -- test-only fixture credentials	Fixture confined to tests; real credentials/URLs must not enter shipped paths.	under investigation	TestUIE2E_PolicyTesterSimulatesDecision	Fast PR Gate root race + golangci; QA root race on main/dispatch; requires build tag uie2e (not assumed in ordinary race lane)	@KidCarmi (default CODEOWNER; no per-site assignee)	none recorded	2026-11-03 (audit follow-up, not exception extension)	Fixture confinement not individually reverified; standalone gosec excludes tests, golangci may include them.
retained	gosec + golangci/gosec	G101	ui_rbac_e2e_test.go	30	30	TestUIE2E_RBACNavGating	root go.mod	uie2e	// #nosec G101 -- test-only fixture credentials	Fixture confined to tests; real credentials/URLs must not enter shipped paths.	under investigation	TestUIE2E_RBACNavGating	Fast PR Gate root race + golangci; QA root race on main/dispatch; requires build tag uie2e (not assumed in ordinary race lane)	@KidCarmi (default CODEOWNER; no per-site assignee)	none recorded	2026-11-03 (audit follow-up, not exception extension)	Fixture confinement not individually reverified; standalone gosec excludes tests, golangci may include them.
retained	gosec + golangci/gosec	G101	ui_rewrite_e2e_test.go	26	26	TestUIE2E_HeaderRewriteCrossPlane	root go.mod	uie2e	// #nosec G101 -- test-only fixture credentials	Fixture confined to tests; real credentials/URLs must not enter shipped paths.	under investigation	TestUIE2E_HeaderRewriteCrossPlane	Fast PR Gate root race + golangci; QA root race on main/dispatch; requires build tag uie2e (not assumed in ordinary race lane)	@KidCarmi (default CODEOWNER; no per-site assignee)	none recorded	2026-11-03 (audit follow-up, not exception extension)	Fixture confinement not individually reverified; standalone gosec excludes tests, golangci may include them.
retained	gosec + golangci/gosec	G124	ui_role_failclosed_test.go	314	314	driveMiddleware	root go.mod	default constraints	// #nosec G124 -- request-side test cookie, never sent to a browser	Fixture confined to tests; real credentials/URLs must not enter shipped paths.	under investigation	test helper (callers not individually mapped)	Fast PR Gate root race + golangci; QA root race on main/dispatch	@KidCarmi (default CODEOWNER; no per-site assignee)	none recorded	2026-11-03 (audit follow-up, not exception extension)	Fixture confinement not individually reverified; standalone gosec excludes tests, golangci may include them.
retained	gosec + golangci/gosec	G124	ui_role_failclosed_test.go	399	399	TestAuthStatus_UnenrolledSessionIsNotReportedAsAdmin	root go.mod	default constraints	// #nosec G124 -- request-side test cookie, never sent to a browser	Fixture confined to tests; real credentials/URLs must not enter shipped paths.	under investigation	TestAuthStatus_UnenrolledSessionIsNotReportedAsAdmin	Fast PR Gate root race + golangci; QA root race on main/dispatch	@KidCarmi (default CODEOWNER; no per-site assignee)	none recorded	2026-11-03 (audit follow-up, not exception extension)	Fixture confinement not individually reverified; standalone gosec excludes tests, golangci may include them.
retained	gosec + golangci/gosec	G101	ui_role_failclosed_test.go	604	604	TestRosterLoad_PasswordChangeKeepsPersistedRoleAndTOTP	root go.mod	default constraints	// #nosec G101 -- RFC 6238 example TOTP seed, test fixture	Fixture confined to tests; real credentials/URLs must not enter shipped paths.	under investigation	TestRosterLoad_PasswordChangeKeepsPersistedRoleAndTOTP	Fast PR Gate root race + golangci; QA root race on main/dispatch	@KidCarmi (default CODEOWNER; no per-site assignee)	none recorded	2026-11-03 (audit follow-up, not exception extension)	Fixture confinement not individually reverified; standalone gosec excludes tests, golangci may include them.
retained	gosec + golangci/gosec	G101	ui_ruleid_traffic_e2e_test.go	17	17	TestUIE2E_TrafficRuleLinkCarriesRuleID	root go.mod	uie2e	// #nosec G101 -- test-only fixture credentials	Fixture confined to tests; real credentials/URLs must not enter shipped paths.	under investigation	TestUIE2E_TrafficRuleLinkCarriesRuleID	Fast PR Gate root race + golangci; QA root race on main/dispatch; requires build tag uie2e (not assumed in ordinary race lane)	@KidCarmi (default CODEOWNER; no per-site assignee)	none recorded	2026-11-03 (audit follow-up, not exception extension)	Fixture confinement not individually reverified; standalone gosec excludes tests, golangci may include them.
retained	gosec + golangci/gosec	G120	ui_security.go	298	298	apiCertsUpload	root go.mod	default constraints	// #nosec G120 -- body already bounded by MaxBytesReader(1 MiB) on the line above	See verbatim annotation; path ownership, reachable inputs and supported configuration require verification.	under investigation	annotation only; no protection verified per-site in this audit	Fast PR Gate root race + golangci; QA root race on main/dispatch	@KidCarmi (default CODEOWNER; no per-site assignee)	none recorded	2026-11-03 (audit follow-up, not exception extension)	Retain pending boundary/control review; reason is not proof. Run unfiltered advisory and triage per site.
retained	gosec + golangci/gosec	G101	ui_security_e2e_test.go	22	22	TestUIE2E_SecurityPanelRendersConfig	root go.mod	uie2e	// #nosec G101 -- test-only fixture credentials	Fixture confined to tests; real credentials/URLs must not enter shipped paths.	under investigation	TestUIE2E_SecurityPanelRendersConfig	Fast PR Gate root race + golangci; QA root race on main/dispatch; requires build tag uie2e (not assumed in ordinary race lane)	@KidCarmi (default CODEOWNER; no per-site assignee)	none recorded	2026-11-03 (audit follow-up, not exception extension)	Fixture confinement not individually reverified; standalone gosec excludes tests, golangci may include them.
retained	gosec + golangci/gosec	G124	ui_session.go	32	32	setUISessionCookie	root go.mod	default constraints	// #nosec G124 -- Secure is set dynamically via isSecureRequest; HttpOnly+SameSiteStrict+HMAC-signed value are in place	See verbatim annotation; path ownership, reachable inputs and supported configuration require verification.	under investigation	annotation only; no protection verified per-site in this audit	Fast PR Gate root race + golangci; QA root race on main/dispatch	@KidCarmi (default CODEOWNER; no per-site assignee)	none recorded	2026-11-03 (audit follow-up, not exception extension)	Retain pending boundary/control review; reason is not proof. Run unfiltered advisory and triage per site.
retained	gosec + golangci/gosec	G124	ui_session.go	56	56	clearUISessionCookie	root go.mod	default constraints	// #nosec G124 -- Secure is set dynamically via isSecureRequest; HttpOnly+SameSiteStrict are in place	See verbatim annotation; path ownership, reachable inputs and supported configuration require verification.	under investigation	annotation only; no protection verified per-site in this audit	Fast PR Gate root race + golangci; QA root race on main/dispatch	@KidCarmi (default CODEOWNER; no per-site assignee)	none recorded	2026-11-03 (audit follow-up, not exception extension)	Retain pending boundary/control review; reason is not proof. Run unfiltered advisory and triage per site.
retained	gosec + golangci/gosec	G402	ui_tls_serving_cert_test.go	296	296	TestAdminUIServeOnce_ServesTheRecordedCertificate	root go.mod	default constraints	// #nosec G402 -- test inspects the served leaf, no trust decision	Fixture confined to tests; real credentials/URLs must not enter shipped paths.	under investigation	TestAdminUIServeOnce_ServesTheRecordedCertificate	Fast PR Gate root race + golangci; QA root race on main/dispatch	@KidCarmi (default CODEOWNER; no per-site assignee)	none recorded	2026-11-03 (audit follow-up, not exception extension)	Fixture confinement not individually reverified; standalone gosec excludes tests, golangci may include them.
retained	gosec + golangci/gosec	G402	ui_tls_serving_cert_test.go	337	337	TestAdminUIServeOnce_CustomCertStillNegotiatesHTTP2	root go.mod	default constraints	// #nosec G402 -- test inspects ALPN only	Fixture confined to tests; real credentials/URLs must not enter shipped paths.	under investigation	TestAdminUIServeOnce_CustomCertStillNegotiatesHTTP2	Fast PR Gate root race + golangci; QA root race on main/dispatch	@KidCarmi (default CODEOWNER; no per-site assignee)	none recorded	2026-11-03 (audit follow-up, not exception extension)	Fixture confinement not individually reverified; standalone gosec excludes tests, golangci may include them.
retained	gosec + golangci/gosec	G304	upstream_downgrade.go	173	173	downgradeLoadSettings	root go.mod	default constraints	// #nosec G304 -- operator-configured data dir	See verbatim annotation; path ownership, reachable inputs and supported configuration require verification.	under investigation	annotation only; no protection verified per-site in this audit	Fast PR Gate root race + golangci; QA root race on main/dispatch	@KidCarmi (default CODEOWNER; no per-site assignee)	none recorded	2026-11-03 (audit follow-up, not exception extension)	Retain pending boundary/control review; reason is not proof. Run unfiltered advisory and triage per site.
retained	gosec + golangci/gosec	G101	upstream_downgrade_test.go	24	24	file/declaration (inspect attached AST node)	root go.mod	default constraints	// #nosec G101 -- test-only fake parent-proxy password	Fixture confined to tests; real credentials/URLs must not enter shipped paths.	under investigation	test helper (callers not individually mapped)	Fast PR Gate root race + golangci; QA root race on main/dispatch	@KidCarmi (default CODEOWNER; no per-site assignee)	none recorded	2026-11-03 (audit follow-up, not exception extension)	Fixture confinement not individually reverified; standalone gosec excludes tests, golangci may include them.
retained	gosec + golangci/gosec	G402	upstream_transport.go	181	181	cloneTLSConfig	root go.mod	default constraints	// #nosec G402 -- MinVersion is set by the caller branch (mTLS=TLS1.2, OCSP=TLS1.3)	See verbatim annotation; path ownership, reachable inputs and supported configuration require verification.	under investigation	annotation only; no protection verified per-site in this audit	Fast PR Gate root race + golangci; QA root race on main/dispatch	@KidCarmi (default CODEOWNER; no per-site assignee)	none recorded	2026-11-03 (audit follow-up, not exception extension)	Retain pending boundary/control review; reason is not proof. Run unfiltered advisory and triage per site.
retained	golangci/gosec only	G204	upstream_v2_codex_red_test.go	120	120	TestPrepareDowngrade_OneShotPersistsAuditWhenAuditLogConfigured	root go.mod	default constraints	//nolint:gosec // G204: re-executes THIS test binary with a fixed test selector.	Fixture confined to tests; real credentials/URLs must not enter shipped paths.	under investigation	TestPrepareDowngrade_OneShotPersistsAuditWhenAuditLogConfigured	Fast PR Gate root race + golangci; QA root race on main/dispatch	@KidCarmi (default CODEOWNER; no per-site assignee)	none recorded	2026-11-03 (audit follow-up, not exception extension)	Fixture confinement not individually reverified; standalone gosec excludes tests, golangci may include them.
retained	gosec + golangci/gosec	G101	upstream_v2_correction_red_test.go	33	33	file/declaration (inspect attached AST node)	root go.mod	default constraints	// #nosec G101 -- test fixture	Fixture confined to tests; real credentials/URLs must not enter shipped paths.	under investigation	test helper (callers not individually mapped)	Fast PR Gate root race + golangci; QA root race on main/dispatch	@KidCarmi (default CODEOWNER; no per-site assignee)	none recorded	2026-11-03 (audit follow-up, not exception extension)	Fixture confinement not individually reverified; standalone gosec excludes tests, golangci may include them.
retained	gosec + golangci/gosec	G101	upstream_v2_portability_red_test.go	54	54	file/declaration (inspect attached AST node)	root go.mod	default constraints	// #nosec G101 -- test-only fake parent-proxy password	Fixture confined to tests; real credentials/URLs must not enter shipped paths.	under investigation	test helper (callers not individually mapped)	Fast PR Gate root race + golangci; QA root race on main/dispatch	@KidCarmi (default CODEOWNER; no per-site assignee)	none recorded	2026-11-03 (audit follow-up, not exception extension)	Fixture confinement not individually reverified; standalone gosec excludes tests, golangci may include them.
retained	gosec + golangci/gosec	G101	upstream_v2_red_test.go	40	40	file/declaration (inspect attached AST node)	root go.mod	default constraints	// #nosec G101 -- test-only fake parent-proxy password	Fixture confined to tests; real credentials/URLs must not enter shipped paths.	under investigation	test helper (callers not individually mapped)	Fast PR Gate root race + golangci; QA root race on main/dispatch	@KidCarmi (default CODEOWNER; no per-site assignee)	none recorded	2026-11-03 (audit follow-up, not exception extension)	Fixture confinement not individually reverified; standalone gosec excludes tests, golangci may include them.
retained	golangci/gosec only	G101	upstream_v2_supplement_test.go	179	179	TestUpstreamV2_YAMLDuplicateSeedIsRefusedFailClosed	root go.mod	default constraints	//nolint:gosec // G101: fixture credential in a test URL, not a secret	Fixture confined to tests; real credentials/URLs must not enter shipped paths.	under investigation	TestUpstreamV2_YAMLDuplicateSeedIsRefusedFailClosed	Fast PR Gate root race + golangci; QA root race on main/dispatch	@KidCarmi (default CODEOWNER; no per-site assignee)	none recorded	2026-11-03 (audit follow-up, not exception extension)	Fixture confinement not individually reverified; standalone gosec excludes tests, golangci may include them.
retained	gosec + golangci/gosec	G204,G702	urlcategories_startup_chaos_test.go	105	105	TestLoadCommunityFeedDB_DamagedStoreDoesNotKillTheProcess	root go.mod	default constraints	// #nosec G204,G702 -- re-exec of THIS test binary (os.Args[0]) with a fixed,	Fixture confined to tests; real credentials/URLs must not enter shipped paths.	under investigation	TestLoadCommunityFeedDB_DamagedStoreDoesNotKillTheProcess	Fast PR Gate root race + golangci; QA root race on main/dispatch	@KidCarmi (default CODEOWNER; no per-site assignee)	none recorded	2026-11-03 (audit follow-up, not exception extension)	Fixture confinement not individually reverified; standalone gosec excludes tests, golangci may include them.
